Date,Avg. SWC
   06/13/2016   ,0.2
   06/12/2016   ,0.2
   06/11/2016   ,0.2
   06/10/2016   ,0.3
   06/09/2016   ,0.4
   06/08/2016   ,0.5
   06/07/2016   ,0.7
   06/06/2016   ,0.9
   06/05/2016   ,1.1
   06/04/2016   ,1.3
   06/03/2016   ,1.5
   06/02/2016   ,1.7
   06/01/2016   ,2
   05/31/2016   ,2.3
   05/30/2016   ,2.5
   05/29/2016   ,2.7
   05/28/2016   ,2.9
   05/27/2016   ,3.1
   05/26/2016   ,3.3
   05/25/2016   ,3.4
   05/24/2016   ,3.5
   05/23/2016   ,3.6
   05/22/2016   ,3.7
   05/21/2016   ,3.7
   05/20/2016   ,3.8
   05/19/2016   ,4.2
   05/18/2016   ,4.7
   05/17/2016   ,5.2
   05/16/2016   ,5.6
   05/15/2016   ,6.1
   05/14/2016   ,6.7
   05/13/2016   ,7.5
   05/12/2016   ,8.2
   05/11/2016   ,9
   05/10/2016   ,9.6
   05/09/2016   ,10.3
   05/08/2016   ,10.7
   05/07/2016   ,10.9
   05/06/2016   ,11.2
   05/05/2016   ,11.3
   05/04/2016   ,11.8
   05/03/2016   ,12.3
   05/02/2016   ,12.7
   05/01/2016   ,13
   04/30/2016   ,13.4
   04/29/2016   ,13.7
   04/28/2016   ,13.9
   04/27/2016   ,14
   04/26/2016   ,14.2
   04/25/2016   ,14.2
   04/24/2016   ,14.2
   04/23/2016   ,14.2
   04/22/2016   ,13.7
   04/21/2016   ,14.4
   04/20/2016   ,15.2
   04/19/2016   ,15.9
   04/18/2016   ,16.7
   04/17/2016   ,17.3
   04/16/2016   ,17.8
   04/15/2016   ,18
   04/14/2016   ,18.1
   04/13/2016   ,18.6
   04/12/2016   ,19.1
   04/11/2016   ,19.5
   04/10/2016   ,19.8
   04/09/2016   ,19.8
   04/08/2016   ,20.3
   04/07/2016   ,20.8
   04/06/2016   ,21.5
   04/05/2016   ,22.1
   04/04/2016   ,22.5
   04/03/2016   ,23.1
   04/02/2016   ,23.6
   04/01/2016   ,24.1
   03/31/2016   ,24.2
   03/30/2016   ,24.1
   03/29/2016   ,24.1
   03/28/2016   ,24
   03/27/2016   ,24.4
   03/26/2016   ,24.7
   03/25/2016   ,25
   03/24/2016   ,25.2
   03/23/2016   ,25.1
   03/22/2016   ,24.9
   03/21/2016   ,24.5
   03/20/2016   ,24.7
   03/19/2016   ,24.9
   03/18/2016   ,25.2
   03/17/2016   ,25.4
   03/16/2016   ,25.5
   03/15/2016   ,25.5
   03/14/2016   ,25.4
   03/13/2016   ,24.1
   03/12/2016   ,23.3
   03/11/2016   ,22.5
   03/10/2016   ,22.3
   03/09/2016   ,22.1
   03/08/2016   ,21.9
   03/07/2016   ,21.6
   03/06/2016   ,20.9
   03/05/2016   ,19.8
   03/04/2016   ,19.8
   03/03/2016   ,20
   03/02/2016   ,20.5
   03/01/2016   ,20.7
   02/29/2016   ,20.9
   02/28/2016   ,20.9
   02/27/2016   ,21.1
   02/26/2016   ,21.3
   02/25/2016   ,21.2
   02/24/2016   ,21.2
   02/23/2016   ,21.3
   02/22/2016   ,21.3
   02/21/2016   ,21.2
   02/20/2016   ,21.2
   02/19/2016   ,21
   02/18/2016   ,20.4
   02/17/2016   ,19.8
   02/16/2016   ,19.9
   02/15/2016   ,20
   02/14/2016   ,20.1
   02/13/2016   ,20.2
   02/12/2016   ,20.3
   02/11/2016   ,20.4
   02/10/2016   ,20.5
   02/09/2016   ,20.5
   02/08/2016   ,20.6
   02/07/2016   ,20.7
   02/06/2016   ,20.6
   02/05/2016   ,20.8
   02/04/2016   ,20.7
   02/03/2016   ,20.7
   02/02/2016   ,20.6
   02/01/2016   ,20.6
   01/31/2016   ,19.9
   01/30/2016   ,19.3
   01/29/2016   ,19
   01/28/2016   ,18.9
   01/27/2016   ,18.8
   01/26/2016   ,18.8
   01/25/2016   ,18.8
   01/24/2016   ,18.5
   01/23/2016   ,18.1
   01/22/2016   ,17.2
   01/21/2016   ,17
   01/20/2016   ,17
   01/19/2016   ,16.1
   01/18/2016   ,15.8
   01/17/2016   ,15.4
   01/16/2016   ,15.2
   01/15/2016   ,14.9
   01/14/2016   ,13.8
   01/13/2016   ,13.2
   01/12/2016   ,13
   01/11/2016   ,12.9
   01/10/2016   ,12.9
   01/09/2016   ,12.7
   01/08/2016   ,12.6
   01/07/2016   ,12.6
   01/06/2016   ,11.8
   01/05/2016   ,10.9
   01/04/2016   ,10.6
   01/03/2016   ,10.6
   01/02/2016   ,10.5
   01/01/2016   ,10.5
   12/31/2015   ,10.5
   12/30/2015   ,10.5
   12/29/2015   ,10.4
   12/28/2015   ,10.4
   12/27/2015   ,10.3
   12/26/2015   ,10.3
   12/25/2015   ,10.2
   12/24/2015   ,9.4
   12/23/2015   ,9.4
   12/22/2015   ,9
   12/21/2015   ,7
   12/20/2015   ,6.5
   12/19/2015   ,6.2
   12/18/2015   ,5.8
   12/17/2015   ,5.7
   12/16/2015   ,5.7
   12/15/2015   ,5.7
   12/14/2015   ,5.6
   12/13/2015   ,4.5
   12/12/2015   ,4.4
   12/11/2015   ,4.2
   12/10/2015   ,3.3
   12/09/2015   ,3.3
   12/08/2015   ,3.4
   12/07/2015   ,3.5
   12/06/2015   ,3.4
   12/05/2015   ,3.2
   12/04/2015   ,3.2
   12/03/2015   ,2.7
   12/02/2015   ,2.7
   12/01/2015   ,2.6
   11/30/2015   ,2.6
   11/29/2015   ,2.5
   11/28/2015   ,2.6
   11/27/2015   ,2.5
   11/26/2015   ,2.5
   11/25/2015   ,2.4
   11/24/2015   ,1.9
   11/23/2015   ,2
   11/22/2015   ,2
   11/21/2015   ,2.1
   11/20/2015   ,2.1
   11/19/2015   ,2.1
   11/18/2015   ,2.2
   11/17/2015   ,2.2
   11/16/2015   ,2.2
   11/15/2015   ,1.5
   11/14/2015   ,1.6
   11/13/2015   ,1.5
   11/12/2015   ,1.5
   11/11/2015   ,1.5
   11/10/2015   ,1.5
   11/09/2015   ,1.1
   11/08/2015   ,0.9
   11/07/2015   ,0.9
   11/06/2015   ,0.9
   11/05/2015   ,0.8
   11/04/2015   ,0.8
   11/03/2015   ,0.8
   11/02/2015   ,0.2
   11/01/2015   ,0.1
   06/01/2015   ,0
   05/31/2015   ,0
   05/30/2015   ,0
   05/29/2015   ,0
   05/28/2015   ,0
   05/27/2015   ,0.1
   05/26/2015   ,0.1
   05/25/2015   ,0.1
   05/24/2015   ,0.2
   05/23/2015   ,0.2
   05/22/2015   ,0.2
   05/21/2015   ,0.2
   05/20/2015   ,0.2
   05/19/2015   ,0.3
   05/18/2015   ,0.3
   05/17/2015   ,0.3
   05/16/2015   ,0.3
   05/15/2015   ,0.3
   05/14/2015   ,0.1
   05/13/2015   ,0.2
   05/12/2015   ,0.2
   05/11/2015   ,0.2
   05/10/2015   ,0.3
   05/09/2015   ,0.4
   05/08/2015   ,0.4
   05/07/2015   ,0.2
   05/06/2015   ,0.2
   05/05/2015   ,0.2
   05/04/2015   ,0.2
   05/03/2015   ,0.3
   05/02/2015   ,0.4
   05/01/2015   ,0.4
   04/30/2015   ,0.5
   04/29/2015   ,0.6
   04/28/2015   ,0.8
   04/27/2015   ,1
   04/26/2015   ,1.1
   04/25/2015   ,0.9
   04/24/2015   ,0.7
   04/23/2015   ,0.6
   04/22/2015   ,0.6
   04/21/2015   ,0.7
   04/20/2015   ,0.7
   04/19/2015   ,0.8
   04/18/2015   ,0.9
   04/17/2015   ,1
   04/16/2015   ,1.1
   04/15/2015   ,1.2
   04/14/2015   ,1.5
   04/13/2015   ,1.6
   04/12/2015   ,1.8
   04/11/2015   ,2.1
   04/10/2015   ,2.2
   04/09/2015   ,2.3
   04/08/2015   ,2.3
   04/07/2015   ,1.6
   04/06/2015   ,1.5
   04/05/2015   ,1.4
   04/04/2015   ,1.4
   04/03/2015   ,1.4
   04/02/2015   ,1.4
   04/01/2015   ,1.4
   03/31/2015   ,1.5
   03/30/2015   ,1.6
   03/29/2015   ,1.8
   03/28/2015   ,2
   03/27/2015   ,2.2
   03/26/2015   ,2.4
   03/25/2015   ,2.5
   03/24/2015   ,2.6
   03/23/2015   ,2.6
   03/22/2015   ,2.6
   03/21/2015   ,2.8
   03/20/2015   ,3
   03/19/2015   ,3.2
   03/18/2015   ,3.3
   03/17/2015   ,3.4
   03/16/2015   ,3.8
   03/15/2015   ,4.1
   03/14/2015   ,4.3
   03/13/2015   ,4.6
   03/12/2015   ,4.7
   03/11/2015   ,4.6
   03/10/2015   ,4.8
   03/09/2015   ,4.9
   03/08/2015   ,5
   03/07/2015   ,5
   03/06/2015   ,5.1
   03/05/2015   ,5
   03/04/2015   ,5.1
   03/03/2015   ,5
   03/02/2015   ,5
   03/01/2015   ,5
   02/28/2015   ,4.8
   02/27/2015   ,4.7
   02/26/2015   ,4.6
   02/25/2015   ,4.7
   02/24/2015   ,4.6
   02/23/2015   ,4.6
   02/22/2015   ,4.6
   02/21/2015   ,4.7
   02/20/2015   ,4.8
   02/19/2015   ,4.9
   02/18/2015   ,5
   02/17/2015   ,5.1
   02/16/2015   ,5.2
   02/15/2015   ,5.3
   02/14/2015   ,5.4
   02/13/2015   ,5.5
   02/12/2015   ,5.6
   02/11/2015   ,5.6
   02/10/2015   ,5.6
   02/09/2015   ,5.6
   02/08/2015   ,5.2
   02/07/2015   ,4.9
   02/06/2015   ,3.9
   02/05/2015   ,3.9
   02/04/2015   ,4
   02/03/2015   ,4.1
   02/02/2015   ,4.1
   02/01/2015   ,4.2
   01/31/2015   ,4.3
   01/30/2015   ,4.3
   01/29/2015   ,4.3
   01/28/2015   ,4.4
   01/27/2015   ,4.3
   01/26/2015   ,4.3
   01/25/2015   ,4.4
   01/24/2015   ,4.4
   01/23/2015   ,4.5
   01/22/2015   ,4.5
   01/21/2015   ,4.6
   01/20/2015   ,4.6
   01/19/2015   ,4.7
   01/18/2015   ,4.8
   01/17/2015   ,4.9
   01/16/2015   ,4.9
   01/15/2015   ,4.9
   01/14/2015   ,4.9
   01/13/2015   ,4.9
   01/12/2015   ,4.9
   01/11/2015   ,5
   01/10/2015   ,4.9
   01/09/2015   ,5
   01/08/2015   ,5
   01/07/2015   ,5
   01/06/2015   ,5
   01/05/2015   ,5
   01/04/2015   ,4.9
   01/03/2015   ,4.9
   01/02/2015   ,4.9
   01/01/2015   ,4.8
   12/31/2014   ,4.8
   12/30/2014   ,4.8
   12/29/2014   ,4.9
   12/28/2014   ,4.9
   12/27/2014   ,4.8
   12/26/2014   ,4.8
   12/25/2014   ,4.9
   12/24/2014   ,4.6
   12/23/2014   ,4.6
   12/22/2014   ,4.6
   12/21/2014   ,4.8
   12/20/2014   ,4.5
   12/19/2014   ,3.9
   12/18/2014   ,3.8
   12/17/2014   ,3.6
   12/16/2014   ,3.3
   12/15/2014   ,2.9
   12/14/2014   ,2.9
   12/13/2014   ,2.9
   12/12/2014   ,2.3
   12/11/2014   ,1.8
   12/10/2014   ,1.7
   12/09/2014   ,1.7
   12/08/2014   ,1.8
   12/07/2014   ,1.8
   12/06/2014   ,1.8
   12/05/2014   ,1.8
   12/04/2014   ,1.9
   12/03/2014   ,1.6
   12/02/2014   ,1
   12/01/2014   ,1
   11/30/2014   ,0.9
   06/09/2014   ,0
   06/08/2014   ,0
   06/07/2014   ,0
   06/06/2014   ,0
   06/05/2014   ,0
   06/03/2014   ,0.1
   06/02/2014   ,0.1
   06/01/2014   ,0.1
   05/31/2014   ,0.2
   05/30/2014   ,0.2
   05/29/2014   ,0.2
   05/28/2014   ,0.2
   05/27/2014   ,0.3
   05/26/2014   ,0.4
   05/25/2014   ,0.5
   05/24/2014   ,0.5
   05/23/2014   ,0.6
   05/22/2014   ,0.7
   05/21/2014   ,0.8
   05/20/2014   ,0.6
   05/19/2014   ,0.7
   05/18/2014   ,0.8
   05/17/2014   ,1
   05/16/2014   ,1.2
   05/15/2014   ,1.5
   05/14/2014   ,1.7
   05/13/2014   ,1.9
   05/12/2014   ,2.1
   05/11/2014   ,2.2
   05/10/2014   ,2.3
   05/09/2014   ,2.4
   05/08/2014   ,2.5
   05/07/2014   ,2.6
   05/06/2014   ,2.6
   05/05/2014   ,2.7
   05/04/2014   ,3
   05/03/2014   ,3.4
   05/02/2014   ,3.7
   05/01/2014   ,4
   04/30/2014   ,4.3
   04/29/2014   ,4.7
   04/28/2014   ,4.9
   04/27/2014   ,5
   04/26/2014   ,4.9
   04/25/2014   ,4
   04/24/2014   ,4.1
   04/23/2014   ,4.3
   04/22/2014   ,4.2
   04/21/2014   ,4.4
   04/20/2014   ,4.7
   04/19/2014   ,5.1
   04/18/2014   ,5.4
   04/17/2014   ,5.8
   04/16/2014   ,6.2
   04/15/2014   ,6.6
   04/14/2014   ,7
   04/13/2014   ,7.4
   04/12/2014   ,7.8
   04/11/2014   ,8.1
   04/10/2014   ,8.6
   04/09/2014   ,9
   04/08/2014   ,9.3
   04/07/2014   ,9.7
   04/06/2014   ,9.9
   04/05/2014   ,10
   04/04/2014   ,10
   04/03/2014   ,9.9
   04/02/2014   ,9.8
   04/01/2014   ,9.4
   03/31/2014   ,8.7
   03/30/2014   ,8.6
   03/29/2014   ,7.8
   03/28/2014   ,7.6
   03/27/2014   ,7.3
   03/26/2014   ,6.8
   03/25/2014   ,6.8
   03/24/2014   ,6.9
   03/23/2014   ,7.1
   03/22/2014   ,7.2
   03/21/2014   ,7.3
   03/20/2014   ,7.4
   03/19/2014   ,7.5
   03/18/2014   ,7.6
   03/17/2014   ,7.8
   03/16/2014   ,8
   03/15/2014   ,8.1
   03/14/2014   ,8.2
   03/13/2014   ,8.3
   03/12/2014   ,8.3
   03/11/2014   ,8.4
   03/10/2014   ,8.3
   03/09/2014   ,8.4
   03/08/2014   ,8.4
   03/07/2014   ,8.5
   03/06/2014   ,8.5
   03/05/2014   ,8.5
   03/04/2014   ,8.4
   03/03/2014   ,8.1
   03/02/2014   ,7.9
   03/01/2014   ,7.8
   02/28/2014   ,6.5
   02/27/2014   ,6.1
   02/26/2014   ,5.3
   02/25/2014   ,5.4
   02/24/2014   ,5.5
   02/23/2014   ,5.5
   02/22/2014   ,5.6
   02/21/2014   ,5.6
   02/20/2014   ,5.6
   02/19/2014   ,5.7
   02/18/2014   ,5.7
   02/17/2014   ,5.8
   02/16/2014   ,5.8
   02/15/2014   ,5.7
   02/14/2014   ,5.8
   02/13/2014   ,5.8
   02/12/2014   ,5.9
   02/11/2014   ,5.9
   02/10/2014   ,5.9
   02/09/2014   ,5.2
   02/08/2014   ,4
   02/07/2014   ,3.2
   02/06/2014   ,3
   02/05/2014   ,2.9
   02/04/2014   ,2.9
   02/03/2014   ,2.8
   02/02/2014   ,2.7
   02/01/2014   ,2.7
   01/31/2014   ,2.7
   01/30/2014   ,2.1
   01/29/2014   ,1.8
   01/28/2014   ,1.8
   01/27/2014   ,1.8
   01/26/2014   ,1.9
   01/25/2014   ,1.9
   01/24/2014   ,1.9
   01/23/2014   ,1.9
   01/22/2014   ,1.9
   01/21/2014   ,2
   01/20/2014   ,2
   01/19/2014   ,2
   01/18/2014   ,2
   01/17/2014   ,2.1
   01/16/2014   ,2.1
   01/15/2014   ,2.1
   01/14/2014   ,2.1
   01/13/2014   ,2.1
   01/12/2014   ,2.1
   01/11/2014   ,1.9
   01/10/2014   ,1.9
   01/09/2014   ,1.9
   01/08/2014   ,1.9
   01/07/2014   ,1.9
   01/06/2014   ,2
   01/05/2014   ,2
   01/04/2014   ,2
   01/03/2014   ,2
   01/02/2014   ,2
   01/01/2014   ,2
   12/31/2013   ,2
   12/30/2013   ,1.9
   12/29/2013   ,1.9
   12/28/2013   ,2
   12/27/2013   ,2
   12/26/2013   ,2
   12/25/2013   ,2
   12/24/2013   ,2
   12/23/2013   ,2
   12/22/2013   ,2
   12/21/2013   ,2
   12/20/2013   ,1.9
   12/19/2013   ,1.9
   12/18/2013   ,2
   12/17/2013   ,1.9
   12/16/2013   ,1.9
   12/15/2013   ,1.9
   12/14/2013   ,1.9
   12/13/2013   ,1.9
   12/12/2013   ,1.9
   12/11/2013   ,1.9
   12/10/2013   ,1.8
   12/09/2013   ,1.8
   12/08/2013   ,1.7
   12/07/2013   ,1.7
   12/06/2013   ,1.1
   12/05/2013   ,1
   12/04/2013   ,0.9
   12/03/2013   ,0.7
   12/02/2013   ,0.7
   12/01/2013   ,0.6
   11/30/2013   ,0.7
   11/29/2013   ,0.7
   11/28/2013   ,0.6
   11/27/2013   ,0.7
   11/26/2013   ,0.6
   11/25/2013   ,0.6
   11/24/2013   ,0.6
   11/23/2013   ,0.6
   11/22/2013   ,0.4
   11/21/2013   ,0.4
   11/20/2013   ,0.2
   11/19/2013   ,0
   11/05/2013   ,0.2
   06/12/2013   ,0
   06/11/2013   ,0
   06/10/2013   ,0
   06/09/2013   ,0
   06/08/2013   ,0
   06/07/2013   ,0
   06/06/2013   ,0
   06/05/2013   ,0
   06/04/2013   ,0.1
   06/03/2013   ,0.1
   06/02/2013   ,0.1
   06/01/2013   ,0.1
   05/31/2013   ,0.1
   05/30/2013   ,0.2
   05/29/2013   ,0.2
   05/28/2013   ,0.2
   05/27/2013   ,0.2
   05/26/2013   ,0.2
   05/25/2013   ,0.3
   05/24/2013   ,0.3
   05/23/2013   ,0.4
   05/22/2013   ,0.4
   05/21/2013   ,0.5
   05/20/2013   ,0.6
   05/19/2013   ,0.7
   05/18/2013   ,0.7
   05/17/2013   ,0.8
   05/16/2013   ,0.8
   05/15/2013   ,1
   05/14/2013   ,1.1
   05/13/2013   ,1.4
   05/12/2013   ,1.7
   05/11/2013   ,1.9
   05/10/2013   ,2.1
   05/09/2013   ,2.3
   05/08/2013   ,2.4
   05/07/2013   ,2.4
   05/06/2013   ,2.4
   05/05/2013   ,2.5
   05/04/2013   ,2.7
   05/03/2013   ,3
   05/02/2013   ,3.3
   05/01/2013   ,3.6
   04/30/2013   ,4
   04/29/2013   ,4.4
   04/28/2013   ,4.8
   04/27/2013   ,5.2
   04/26/2013   ,5.7
   04/25/2013   ,6.1
   04/24/2013   ,6.5
   04/23/2013   ,6.9
   04/22/2013   ,7.4
   04/21/2013   ,8
   04/20/2013   ,8.5
   04/19/2013   ,8.8
   04/18/2013   ,9
   04/17/2013   ,9
   04/16/2013   ,8.9
   04/15/2013   ,9
   04/14/2013   ,9.5
   04/13/2013   ,9.9
   04/12/2013   ,10.5
   04/11/2013   ,10.9
   04/10/2013   ,11.3
   04/09/2013   ,11.4
   04/08/2013   ,11.4
   04/07/2013   ,11.6
   04/06/2013   ,11.9
   04/05/2013   ,12.2
   04/04/2013   ,12.4
   04/03/2013   ,12.8
   04/02/2013   ,13.1
   04/01/2013   ,13.2
   03/31/2013   ,13.1
   03/30/2013   ,13.4
   03/29/2013   ,13.8
   03/28/2013   ,14
   03/27/2013   ,14.3
   03/26/2013   ,14.5
   03/25/2013   ,14.8
   03/24/2013   ,15
   03/23/2013   ,15.2
   03/22/2013   ,15.3
   03/21/2013   ,15.3
   03/20/2013   ,15.2
   03/19/2013   ,15.3
   03/18/2013   ,15.6
   03/17/2013   ,15.8
   03/16/2013   ,16
   03/15/2013   ,16.2
   03/14/2013   ,16.5
   03/13/2013   ,16.8
   03/12/2013   ,17
   03/11/2013   ,17.1
   03/10/2013   ,17.1
   03/09/2013   ,17.1
   03/08/2013   ,16.9
   03/07/2013   ,16.6
   03/06/2013   ,16.1
   03/05/2013   ,15.7
   03/04/2013   ,15.8
   03/03/2013   ,15.6
   03/02/2013   ,15.6
   03/01/2013   ,15.7
   02/28/2013   ,15.8
   02/27/2013   ,15.8
   02/26/2013   ,15.9
   02/25/2013   ,15.9
   02/24/2013   ,15.8
   02/23/2013   ,15.9
   02/22/2013   ,15.8
   02/21/2013   ,15.7
   02/20/2013   ,15.7
   02/19/2013   ,15.5
   02/18/2013   ,15.5
   02/17/2013   ,15.4
   02/16/2013   ,15.4
   02/15/2013   ,15.4
   02/14/2013   ,15.3
   02/13/2013   ,15.4
   02/12/2013   ,15.3
   02/11/2013   ,15.4
   02/10/2013   ,15.4
   02/09/2013   ,15.3
   02/08/2013   ,15.3
   02/07/2013   ,15.1
   02/06/2013   ,15.2
   02/05/2013   ,15.2
   02/04/2013   ,15.2
   02/03/2013   ,15.2
   02/02/2013   ,15.2
   02/01/2013   ,15.2
   01/31/2013   ,15.3
   01/30/2013   ,15.3
   01/29/2013   ,15.2
   01/28/2013   ,15.2
   01/27/2013   ,15.1
   01/26/2013   ,15
   01/25/2013   ,15
   01/24/2013   ,14.9
   01/23/2013   ,14.8
   01/22/2013   ,14.8
   01/21/2013   ,14.8
   01/20/2013   ,14.8
   01/19/2013   ,14.8
   01/18/2013   ,14.8
   01/17/2013   ,14.8
   01/16/2013   ,14.8
   01/15/2013   ,14.8
   01/14/2013   ,14.7
   01/13/2013   ,14.7
   01/12/2013   ,14.7
   01/11/2013   ,14.7
   01/10/2013   ,14.6
   01/09/2013   ,14.3
   01/08/2013   ,14.2
   01/07/2013   ,14.2
   01/06/2013   ,14.1
   01/05/2013   ,14
   01/04/2013   ,14
   01/03/2013   ,14
   01/02/2013   ,14
   01/01/2013   ,14
   12/31/2012   ,13.9
   12/30/2012   ,13.9
   12/29/2012   ,13.8
   12/28/2012   ,13.7
   12/27/2012   ,13.7
   12/26/2012   ,13.2
   12/25/2012   ,12
   12/24/2012   ,11.9
   12/23/2012   ,10.1
   12/22/2012   ,8.3
   12/21/2012   ,7.5
   12/20/2012   ,7.2
   12/19/2012   ,7
   12/18/2012   ,6.9
   12/17/2012   ,6.4
   12/16/2012   ,6.1
   12/15/2012   ,6
   12/14/2012   ,6
   12/13/2012   ,5.9
   12/12/2012   ,5.6
   12/11/2012   ,5.4
   12/10/2012   ,5.3
   12/09/2012   ,5.1
   12/08/2012   ,5.2
   12/07/2012   ,5.2
   12/06/2012   ,5.3
   12/05/2012   ,5.3
   12/04/2012   ,5.1
   12/03/2012   ,5
   12/02/2012   ,4.4
   12/01/2012   ,4.2
   11/30/2012   ,3.1
   11/29/2012   ,2.6
   11/28/2012   ,2
   11/27/2012   ,2
   11/26/2012   ,2
   11/25/2012   ,2
   11/24/2012   ,2
   11/23/2012   ,2
   11/22/2012   ,1.9
   11/21/2012   ,1.9
   11/20/2012   ,1.9
   11/19/2012   ,1.8
   11/18/2012   ,1.6
   11/17/2012   ,1.1
   11/16/2012   ,1
   11/15/2012   ,0.9
   11/14/2012   ,0.9
   11/13/2012   ,0.9
   11/12/2012   ,0.9
   11/11/2012   ,0.8
   11/10/2012   ,0.8
   11/09/2012   ,0.6
   11/08/2012   ,0.4
   11/07/2012   ,0.4
   11/06/2012   ,0.5
   11/05/2012   ,0.5
   11/04/2012   ,0.6
   11/03/2012   ,0.7
   11/02/2012   ,0.7
   11/01/2012   ,0.8
   10/31/2012   ,0.9
   10/30/2012   ,1
   10/29/2012   ,1.2
   10/28/2012   ,1.3
   10/27/2012   ,1.4
   10/26/2012   ,1.5
   10/25/2012   ,1.5
   10/24/2012   ,1.3
   10/23/2012   ,1.1
   10/22/2012   ,0.1
   10/21/2012   ,0
   10/20/2012   ,0
   10/19/2012   ,0
   10/01/2012   ,0
   06/14/2012   ,0
   06/13/2012   ,0
   06/12/2012   ,0.1
   06/11/2012   ,0.1
   06/10/2012   ,0.1
   06/09/2012   ,0.1
   06/08/2012   ,0.1
   06/07/2012   ,0.1
   06/06/2012   ,0.1
   06/05/2012   ,0.1
   06/04/2012   ,0.1
   06/03/2012   ,0.1
   06/02/2012   ,0.2
   06/01/2012   ,0.2
   05/31/2012   ,0.3
   05/30/2012   ,0.4
   05/29/2012   ,0.5
   05/28/2012   ,0.5
   05/27/2012   ,0.6
   05/26/2012   ,0.5
   05/25/2012   ,0.5
   05/24/2012   ,0.6
   05/23/2012   ,0.6
   05/22/2012   ,0.8
   05/21/2012   ,0.9
   05/20/2012   ,1.1
   05/19/2012   ,1.3
   05/18/2012   ,1.4
   05/17/2012   ,1.6
   05/16/2012   ,2
   05/15/2012   ,2.3
   05/14/2012   ,2.7
   05/13/2012   ,3.1
   05/12/2012   ,3.5
   05/11/2012   ,3.9
   05/10/2012   ,4.3
   05/09/2012   ,4.9
   05/08/2012   ,5.5
   05/07/2012   ,6
   05/06/2012   ,6.4
   05/05/2012   ,6.8
   05/04/2012   ,7.1
   05/03/2012   ,7.5
   05/02/2012   ,8.1
   05/01/2012   ,8.7
   04/30/2012   ,9.3
   04/29/2012   ,10
   04/28/2012   ,10.6
   04/27/2012   ,10.9
   04/26/2012   ,11.2
   04/25/2012   ,11.6
   04/24/2012   ,12.4
   04/23/2012   ,13.5
   04/22/2012   ,14.4
   04/21/2012   ,15.3
   04/20/2012   ,15.9
   04/19/2012   ,16.6
   04/18/2012   ,17
   04/17/2012   ,17.3
   04/16/2012   ,17.5
   04/15/2012   ,17.5
   04/14/2012   ,17.4
   04/13/2012   ,16.3
   04/12/2012   ,15.4
   04/11/2012   ,15.3
   04/10/2012   ,15.4
   04/09/2012   ,15.7
   04/08/2012   ,15.8
   04/07/2012   ,15.8
   04/06/2012   ,15.9
   04/05/2012   ,15.6
   04/04/2012   ,15.7
   04/03/2012   ,15.7
   04/02/2012   ,15.4
   04/01/2012   ,15.3
   03/31/2012   ,14.9
   03/30/2012   ,14.7
   03/29/2012   ,14.4
   03/28/2012   ,14.1
   03/27/2012   ,13.3
   03/26/2012   ,13.1
   03/25/2012   ,12.9
   03/24/2012   ,12.8
   03/23/2012   ,12.9
   03/22/2012   ,12.9
   03/21/2012   ,12.8
   03/20/2012   ,12.6
   03/19/2012   ,12.5
   03/18/2012   ,12
   03/17/2012   ,11.2
   03/16/2012   ,9.9
   03/15/2012   ,9.7
   03/14/2012   ,9.3
   03/13/2012   ,8.7
   03/12/2012   ,8.8
   03/11/2012   ,8.8
   03/10/2012   ,8.9
   03/09/2012   ,8.9
   03/08/2012   ,8.9
   03/07/2012   ,8.8
   03/06/2012   ,8.8
   03/05/2012   ,8.7
   03/04/2012   ,8.7
   03/03/2012   ,8.7
   03/02/2012   ,8.7
   03/01/2012   ,8.4
   02/29/2012   ,7.5
   02/28/2012   ,7.2
   02/27/2012   ,7
   02/26/2012   ,7
   02/25/2012   ,7.1
   02/24/2012   ,7.1
   02/23/2012   ,7.2
   02/22/2012   ,7.2
   02/21/2012   ,7.3
   02/20/2012   ,7.3
   02/19/2012   ,7.3
   02/18/2012   ,7.2
   02/17/2012   ,7.2
   02/16/2012   ,7.2
   02/15/2012   ,7.1
   02/14/2012   ,6.9
   02/13/2012   ,6.7
   02/12/2012   ,6.5
   02/11/2012   ,6.4
   02/10/2012   ,6.4
   02/09/2012   ,6.4
   02/08/2012   ,6.4
   02/07/2012   ,6.3
   02/06/2012   ,6.3
   02/05/2012   ,6.3
   02/04/2012   ,6.4
   02/03/2012   ,6.4
   02/02/2012   ,6.4
   02/01/2012   ,6.4
   01/31/2012   ,6.4
   01/30/2012   ,6.4
   01/29/2012   ,6.4
   01/28/2012   ,6.4
   01/27/2012   ,6.4
   01/26/2012   ,6.3
   01/25/2012   ,6.3
   01/24/2012   ,6.1
   01/23/2012   ,5.2
   01/22/2012   ,4
   01/21/2012   ,3.4
   01/20/2012   ,2.3
   01/19/2012   ,1.9
   01/18/2012   ,1.7
   01/17/2012   ,1.6
   01/16/2012   ,1.6
   01/15/2012   ,1.6
   01/14/2012   ,1.7
   01/13/2012   ,1.6
   01/12/2012   ,1.7
   01/11/2012   ,1.6
   01/10/2012   ,1.7
   01/09/2012   ,1.7
   01/08/2012   ,1.7
   01/07/2012   ,1.8
   01/06/2012   ,1.8
   01/05/2012   ,1.9
   01/04/2012   ,1.9
   01/03/2012   ,1.9
   01/02/2012   ,2
   01/01/2012   ,2
   12/31/2011   ,2
   12/30/2011   ,2.1
   12/29/2011   ,2.2
   12/28/2011   ,2.2
   12/27/2011   ,2.2
   12/26/2011   ,2.2
   12/25/2011   ,2.2
   12/24/2011   ,2.2
   12/23/2011   ,2.2
   12/22/2011   ,2.1
   12/21/2011   ,2.2
   12/20/2011   ,2.1
   12/19/2011   ,2.2
   12/18/2011   ,2.2
   12/17/2011   ,2.2
   12/16/2011   ,2.2
   12/15/2011   ,2.2
   12/14/2011   ,2.1
   12/13/2011   ,2.2
   12/12/2011   ,2.2
   12/11/2011   ,2
   12/10/2011   ,2
   12/09/2011   ,2
   12/08/2011   ,2
   12/07/2011   ,2
   12/06/2011   ,1.9
   12/05/2011   ,1.6
   12/04/2011   ,1.9
   12/03/2011   ,1.9
   12/02/2011   ,1.9
   12/01/2011   ,1.9
   11/30/2011   ,2
   11/29/2011   ,2
   11/28/2011   ,2.2
   11/27/2011   ,2.2
   11/26/2011   ,2.1
   11/25/2011   ,2.2
   11/24/2011   ,2.1
   11/23/2011   ,2
   11/22/2011   ,1.8
   11/21/2011   ,1.7
   11/20/2011   ,1.5
   11/19/2011   ,1.1
   11/18/2011   ,0.8
   11/17/2011   ,0.9
   11/16/2011   ,0.9
   11/15/2011   ,0.9
   11/14/2011   ,0.9
   11/13/2011   ,1
   11/12/2011   ,1
   11/11/2011   ,0.8
   11/10/2011   ,0.8
   11/09/2011   ,0.7
   11/08/2011   ,0.7
   11/07/2011   ,0.7
   11/06/2011   ,0.6
   11/05/2011   ,0.3
   11/04/2011   ,0.3
   11/03/2011   ,0
   11/02/2011   ,-0.1
   11/01/2011   ,-0.1
   07/07/2011   ,1.8
   07/06/2011   ,2
   07/05/2011   ,2.3
   07/04/2011   ,2.5
   07/03/2011   ,2.9
   07/02/2011   ,3.2
   07/01/2011   ,3.6
   06/30/2011   ,4
   06/29/2011   ,4.3
   06/28/2011   ,4.8
   06/27/2011   ,5.4
   06/24/2011   ,7.3
   06/23/2011   ,8.4
   06/22/2011   ,9.7
   06/21/2011   ,10.7
   06/20/2011   ,11.6
   06/19/2011   ,12.5
   06/18/2011   ,13.4
   06/17/2011   ,14.3
   06/16/2011   ,14.6
   06/15/2011   ,15.8
   06/14/2011   ,16.9
   06/13/2011   ,18.6
   06/12/2011   ,19.7
   06/11/2011   ,21
   06/10/2011   ,22.2
   06/09/2011   ,23.2
   06/08/2011   ,24.2
   06/07/2011   ,24.9
   06/06/2011   ,25.4
   06/05/2011   ,25.8
   06/04/2011   ,26
   06/03/2011   ,26.6
   06/02/2011   ,26.7
   06/01/2011   ,26.8
   05/31/2011   ,27.9
   05/30/2011   ,28.1
   05/29/2011   ,28.1
   05/28/2011   ,28.2
   05/27/2011   ,28.6
   05/26/2011   ,29
   05/25/2011   ,29.4
   05/24/2011   ,30.2
   05/23/2011   ,30.9
   05/22/2011   ,31.6
   05/21/2011   ,32.3
   05/20/2011   ,32.8
   05/19/2011   ,33
   05/18/2011   ,32.8
   05/17/2011   ,32.2
   05/16/2011   ,32
   05/15/2011   ,32.1
   05/14/2011   ,32.7
   05/13/2011   ,33.8
   05/12/2011   ,34.6
   05/11/2011   ,35.3
   05/10/2011   ,35.7
   05/09/2011   ,35.8
   05/08/2011   ,36.4
   05/07/2011   ,37.4
   05/06/2011   ,38.5
   05/05/2011   ,40
   05/04/2011   ,40.9
   05/03/2011   ,41.5
   05/02/2011   ,42.5
   05/01/2011   ,42
   04/30/2011   ,43.3
   04/29/2011   ,43.7
   04/28/2011   ,44.2
   04/27/2011   ,44.4
   04/26/2011   ,45.1
   04/25/2011   ,44
   04/24/2011   ,43.4
   04/23/2011   ,43.1
   04/22/2011   ,43.3
   04/21/2011   ,43.3
   04/20/2011   ,43.3
   04/19/2011   ,43.9
   04/18/2011   ,44.3
   04/17/2011   ,44.9
   04/16/2011   ,45.4
   04/15/2011   ,45.5
   04/14/2011   ,45.6
   04/13/2011   ,45.7
   04/12/2011   ,45.9
   04/11/2011   ,46
   04/10/2011   ,45.9
   04/09/2011   ,45.8
   04/08/2011   ,45.7
   04/07/2011   ,45.4
   04/06/2011   ,45.5
   04/05/2011   ,45.8
   04/04/2011   ,46.5
   04/03/2011   ,47
   04/02/2011   ,47.4
   04/01/2011   ,47.7
   03/31/2011   ,48
   03/30/2011   ,48.1
   03/29/2011   ,48.1
   03/28/2011   ,48
   03/27/2011   ,47.6
   03/26/2011   ,46.8
   03/25/2011   ,46.3
   03/24/2011   ,44.3
   03/23/2011   ,42.9
   03/22/2011   ,42.6
   03/21/2011   ,41.9
   03/20/2011   ,39.9
   03/19/2011   ,38.6
   03/18/2011   ,37.4
   03/17/2011   ,37.1
   03/16/2011   ,36.7
   03/15/2011   ,35.6
   03/14/2011   ,35.4
   03/13/2011   ,34.8
   03/12/2011   ,34.8
   03/11/2011   ,34.9
   03/10/2011   ,34.7
   03/09/2011   ,34.5
   03/08/2011   ,34.5
   03/07/2011   ,34.2
   03/06/2011   ,33.4
   03/05/2011   ,33.2
   03/04/2011   ,33
   03/03/2011   ,32.9
   03/02/2011   ,32
   03/01/2011   ,31.7
   02/28/2011   ,31.6
   02/27/2011   ,31.4
   02/26/2011   ,31.3
   02/25/2011   ,29.8
   02/24/2011   ,29.1
   02/23/2011   ,29.3
   02/22/2011   ,28.5
   02/21/2011   ,28.5
   02/20/2011   ,28.2
   02/18/2011   ,26.6
   02/17/2011   ,25.3
   02/16/2011   ,23.9
   02/15/2011   ,22.8
   02/14/2011   ,22.5
   02/13/2011   ,22.6
   02/12/2011   ,22.6
   02/11/2011   ,22.6
   02/10/2011   ,22.6
   02/09/2011   ,22.6
   02/08/2011   ,22.7
   02/07/2011   ,22.7
   02/06/2011   ,22.7
   02/05/2011   ,22.8
   02/04/2011   ,22.8
   02/03/2011   ,23
   02/02/2011   ,23
   02/01/2011   ,23.1
   01/31/2011   ,22.8
   01/28/2011   ,22.3
   01/27/2011   ,22.3
   01/26/2011   ,22.4
   01/25/2011   ,22.4
   01/24/2011   ,22.4
   01/23/2011   ,22.5
   01/22/2011   ,22.5
   01/19/2011   ,22.6
   01/18/2011   ,22.6
   01/17/2011   ,22.7
   01/16/2011   ,22.9
   01/15/2011   ,22.9
   01/14/2011   ,22.8
   01/13/2011   ,22.9
   01/12/2011   ,22.8
   01/11/2011   ,22.6
   01/10/2011   ,22.6
   01/09/2011   ,22.7
   01/08/2011   ,22.7
   01/07/2011   ,22.7
   01/06/2011   ,22.7
   01/05/2011   ,22.6
   01/04/2011   ,22.6
   01/03/2011   ,22.6
   01/02/2011   ,22.3
   01/01/2011   ,21.6
   12/31/2010   ,21.5
   12/30/2010   ,21.5
   12/29/2010   ,20.7
   12/28/2010   ,18.7
   12/27/2010   ,18.7
   12/26/2010   ,18.4
   12/25/2010   ,17.8
   12/24/2010   ,17.7
   12/23/2010   ,17.7
   12/22/2010   ,17.3
   12/21/2010   ,16.7
   12/20/2010   ,15.7
   12/19/2010   ,13
   12/18/2010   ,10.7
   12/17/2010   ,8.9
   12/16/2010   ,8.8
   12/15/2010   ,8.8
   12/14/2010   ,7.9
   12/13/2010   ,7.9
   12/12/2010   ,8
   12/11/2010   ,8.1
   12/10/2010   ,8.3
   12/09/2010   ,8.1
   12/08/2010   ,7.9
   12/07/2010   ,7.9
   12/06/2010   ,7.7
   12/05/2010   ,6.9
   12/04/2010   ,6.8
   12/03/2010   ,6.7
   12/02/2010   ,6.4
   12/01/2010   ,6.4
   11/30/2010   ,6.4
   11/29/2010   ,6.3
   11/28/2010   ,6.2
   11/27/2010   ,5.5
   11/26/2010   ,5.4
   11/25/2010   ,5.3
   11/24/2010   ,5.3
   11/23/2010   ,4.6
   11/22/2010   ,3.9
   11/21/2010   ,3
   11/20/2010   ,1.7
   07/12/2010   ,0
   07/11/2010   ,0
   07/10/2010   ,0
   07/09/2010   ,0
   07/08/2010   ,0
   07/07/2010   ,0
   07/06/2010   ,0
   07/05/2010   ,0.1
   07/04/2010   ,0.1
   07/03/2010   ,0.2
   07/02/2010   ,0.2
   07/01/2010   ,0.3
   06/30/2010   ,0.4
   06/29/2010   ,0.5
   06/28/2010   ,0.7
   06/27/2010   ,0.9
   06/26/2010   ,1.2
   06/25/2010   ,1.4
   06/24/2010   ,1.6
   06/23/2010   ,2.4
   06/22/2010   ,2.7
   06/21/2010   ,3
   06/20/2010   ,3.3
   06/19/2010   ,3.8
   06/18/2010   ,4.2
   06/17/2010   ,4.6
   06/16/2010   ,5.1
   06/15/2010   ,5.7
   06/14/2010   ,6.4
   06/13/2010   ,6.9
   06/12/2010   ,7.4
   06/11/2010   ,8
   06/10/2010   ,8.6
   06/09/2010   ,9.5
   06/08/2010   ,10.3
   06/07/2010   ,11.5
   06/06/2010   ,12.8
   06/05/2010   ,14
   06/04/2010   ,15.1
   06/03/2010   ,16.6
   06/02/2010   ,17.7
   06/01/2010   ,18.6
   05/31/2010   ,19.5
   05/30/2010   ,20.5
   05/29/2010   ,21
   05/28/2010   ,21.1
   05/27/2010   ,21
   05/26/2010   ,21.1
   05/25/2010   ,21.4
   05/24/2010   ,21.5
   05/23/2010   ,21.6
   05/22/2010   ,21.6
   05/21/2010   ,22
   05/20/2010   ,23.3
   05/19/2010   ,24
   05/18/2010   ,24.5
   05/17/2010   ,24.8
   05/16/2010   ,25.8
   05/15/2010   ,26.6
   05/14/2010   ,27.2
   05/13/2010   ,27.8
   05/12/2010   ,28.1
   05/11/2010   ,27.9
   05/10/2010   ,27.4
   05/09/2010   ,27.8
   05/08/2010   ,28.4
   05/07/2010   ,29.1
   05/06/2010   ,29.7
   05/05/2010   ,30.3
   05/04/2010   ,31
   05/03/2010   ,32
   05/02/2010   ,32.6
   05/01/2010   ,32.9
   04/30/2010   ,32.8
   04/29/2010   ,32.6
   04/28/2010   ,32.1
   04/27/2010   ,31.6
   04/26/2010   ,32.1
   04/25/2010   ,32.7
   04/24/2010   ,33.1
   04/23/2010   ,33
   04/22/2010   ,32.8
   04/21/2010   ,32.4
   04/20/2010   ,31.8
   04/19/2010   ,32.3
   04/18/2010   ,32.8
   04/17/2010   ,33.4
   04/16/2010   ,33.6
   04/15/2010   ,33.8
   04/14/2010   ,33.7
   04/13/2010   ,33.6
   04/12/2010   ,33.1
   04/11/2010   ,32.4
   04/10/2010   ,32.6
   04/09/2010   ,32.7
   04/08/2010   ,32.9
   04/07/2010   ,33.1
   04/06/2010   ,32.9
   04/05/2010   ,32.3
   04/04/2010   ,31.2
   04/03/2010   ,30.9
   04/02/2010   ,30.3
   04/01/2010   ,30.1
   03/31/2010   ,29.8
   03/30/2010   ,29.1
   03/29/2010   ,29
   03/28/2010   ,29.3
   03/27/2010   ,29.3
   03/26/2010   ,29.3
   03/25/2010   ,29.1
   03/24/2010   ,29.3
   03/23/2010   ,29.5
   03/22/2010   ,29.6
   03/21/2010   ,29.5
   03/20/2010   ,29.7
   03/19/2010   ,30.1
   03/18/2010   ,30.3
   03/17/2010   ,30.4
   03/16/2010   ,30.5
   03/15/2010   ,30.5
   03/14/2010   ,30.5
   03/13/2010   ,30.4
   03/12/2010   ,29.3
   03/11/2010   ,29.1
   03/10/2010   ,29
   03/09/2010   ,28.8
   03/08/2010   ,28.5
   03/07/2010   ,28.5
   03/06/2010   ,28.5
   03/05/2010   ,28.4
   03/04/2010   ,28.3
   03/03/2010   ,27.3
   03/02/2010   ,26.8
   03/01/2010   ,26.7
   02/28/2010   ,26.6
   02/27/2010   ,26.3
   02/26/2010   ,24.9
   02/25/2010   ,24.7
   02/24/2010   ,24
   02/23/2010   ,23.1
   02/22/2010   ,23
   02/21/2010   ,22.7
   02/20/2010   ,22.4
   02/19/2010   ,22.4
   02/18/2010   ,22.4
   02/17/2010   ,22.4
   02/16/2010   ,22.4
   02/15/2010   ,22.4
   02/14/2010   ,22.4
   02/13/2010   ,22.4
   02/12/2010   ,22.3
   02/11/2010   ,22.2
   02/10/2010   ,22.1
   02/09/2010   ,22
   02/08/2010   ,21.9
   02/07/2010   ,21.8
   02/06/2010   ,21.3
   02/05/2010   ,20.7
   02/04/2010   ,20
   02/03/2010   ,20
   02/02/2010   ,19.8
   02/01/2010   ,19.7
   01/31/2010   ,19.7
   01/30/2010   ,19.6
   01/29/2010   ,19.5
   01/28/2010   ,19.5
   01/27/2010   ,19.4
   01/26/2010   ,19.2
   01/25/2010   ,18.5
   01/24/2010   ,18
   01/23/2010   ,17.8
   01/22/2010   ,17.4
   01/21/2010   ,16.2
   01/20/2010   ,14.2
   01/19/2010   ,13.1
   01/18/2010   ,11.1
   01/17/2010   ,10.6
   01/16/2010   ,10.5
   01/15/2010   ,10.5
   01/14/2010   ,10.4
   01/13/2010   ,10.1
   01/12/2010   ,9.2
   01/11/2010   ,9.1
   01/10/2010   ,9.1
   01/09/2010   ,9.1
   01/08/2010   ,9.1
   01/07/2010   ,9.1
   01/06/2010   ,9.1
   01/05/2010   ,9.1
   01/04/2010   ,9.1
   01/03/2010   ,9.1
   01/02/2010   ,9.1
   01/01/2010   ,8.9
   12/31/2009   ,8.7
   12/30/2009   ,8.5
   12/29/2009   ,8.1
   12/28/2009   ,8
   12/27/2009   ,7.9
   12/26/2009   ,7.9
   12/25/2009   ,7.9
   12/24/2009   ,7.9
   12/23/2009   ,7.8
   12/22/2009   ,7.7
   12/21/2009   ,7.1
   12/20/2009   ,7
   12/19/2009   ,7
   12/18/2009   ,7
   12/17/2009   ,7
   12/16/2009   ,6.9
   12/15/2009   ,6.6
   12/14/2009   ,6.5
   12/13/2009   ,6.1
   12/12/2009   ,4
   12/11/2009   ,3.2
   12/10/2009   ,3
   12/09/2009   ,3
   12/08/2009   ,3
   12/07/2009   ,2.4
   12/06/2009   ,2.1
   12/05/2009   ,2.1
   12/04/2009   ,2
   12/03/2009   ,2
   12/02/2009   ,2
   12/01/2009   ,2.1
   11/30/2009   ,1.9
   11/29/2009   ,2
   11/28/2009   ,1.8
   11/27/2009   ,1.3
   11/26/2009   ,1.3
   11/25/2009   ,1.3
   11/24/2009   ,1.3
   11/23/2009   ,1.3
   11/22/2009   ,1.3
   11/21/2009   ,1.2
   11/20/2009   ,0.7
   11/19/2009   ,0.7
   11/18/2009   ,0.6
   11/17/2009   ,0.6
   11/16/2009   ,0.6
   11/15/2009   ,0.5
   11/14/2009   ,0.5
   11/13/2009   ,0.6
   11/12/2009   ,0.4
   11/11/2009   ,0.3
   11/10/2009   ,0.3
   11/09/2009   ,0.3
   11/08/2009   ,0.3
   11/07/2009   ,0.3
   11/06/2009   ,0.2
   11/05/2009   ,0.2
   11/04/2009   ,0.2
   11/03/2009   ,0.2
   11/02/2009   ,0.3
   11/01/2009   ,0.3
   10/31/2009   ,0.2
   10/30/2009   ,0.3
   10/29/2009   ,0.3
   10/28/2009   ,0.3
   10/27/2009   ,0.3
   10/26/2009   ,0.3
   10/25/2009   ,0.3
   10/24/2009   ,0.3
   10/23/2009   ,0.4
   10/22/2009   ,0.4
   10/21/2009   ,0.4
   10/20/2009   ,0.4
   10/19/2009   ,0.5
   10/18/2009   ,0.5
   10/17/2009   ,0.6
   10/16/2009   ,0.8
   10/15/2009   ,0.9
   10/14/2009   ,1.1
   10/13/2009   ,0
   10/12/2009   ,0
   10/11/2009   ,0
   10/10/2009   ,0
   10/09/2009   ,0
   10/08/2009   ,0
   10/07/2009   ,0
   10/06/2009   ,0
   10/05/2009   ,0
   10/04/2009   ,-0.1
   10/03/2009   ,-0.1
   10/02/2009   ,-0.1
   10/01/2009   ,-0.1
   06/11/2009   ,0.4
   06/10/2009   ,0.4
   06/09/2009   ,0.5
   06/08/2009   ,0.6
   06/07/2009   ,0.7
   06/06/2009   ,0.7
   06/05/2009   ,0.7
   06/04/2009   ,0.8
   06/03/2009   ,0.8
   06/02/2009   ,0.9
   06/01/2009   ,1
   05/31/2009   ,1.1
   05/30/2009   ,1.2
   05/29/2009   ,1.4
   05/28/2009   ,1.6
   05/27/2009   ,1.8
   05/26/2009   ,2
   05/25/2009   ,2.3
   05/24/2009   ,2.7
   05/23/2009   ,3
   05/22/2009   ,3.4
   05/21/2009   ,3.8
   05/20/2009   ,4.2
   05/19/2009   ,4.7
   05/18/2009   ,5.2
   05/17/2009   ,5.8
   05/16/2009   ,6.3
   05/15/2009   ,7
   05/14/2009   ,7.6
   05/13/2009   ,8.1
   05/12/2009   ,8.7
   05/11/2009   ,9.5
   05/10/2009   ,10.2
   05/09/2009   ,11
   05/08/2009   ,11.7
   05/07/2009   ,12.3
   05/06/2009   ,13
   05/05/2009   ,13.8
   05/04/2009   ,13.9
   05/03/2009   ,14
   05/02/2009   ,13.9
   05/01/2009   ,13.9
   04/30/2009   ,14.5
   04/29/2009   ,14.9
   04/28/2009   ,15.2
   04/27/2009   ,15.6
   04/26/2009   ,16
   04/25/2009   ,16.2
   04/24/2009   ,16.3
   04/23/2009   ,17
   04/22/2009   ,17.9
   04/21/2009   ,18.8
   04/20/2009   ,19.7
   04/19/2009   ,20.6
   04/18/2009   ,21.3
   04/17/2009   ,21.9
   04/16/2009   ,22
   04/15/2009   ,22
   04/14/2009   ,22.2
   04/13/2009   ,22.5
   04/12/2009   ,22.7
   04/11/2009   ,22.8
   04/10/2009   ,22.6
   04/09/2009   ,22.2
   04/08/2009   ,22
   04/07/2009   ,22
   04/06/2009   ,22.4
   04/05/2009   ,22.6
   04/04/2009   ,22.7
   04/03/2009   ,22.7
   04/02/2009   ,23.1
   04/01/2009   ,23.7
   03/31/2009   ,23.9
   03/30/2009   ,24.1
   03/29/2009   ,24.3
   03/28/2009   ,24.7
   03/27/2009   ,24.9
   03/26/2009   ,25.1
   03/25/2009   ,25.2
   03/24/2009   ,25.2
   03/23/2009   ,25.1
   03/22/2009   ,24.4
   03/21/2009   ,23.8
   03/20/2009   ,24
   03/19/2009   ,24.2
   03/18/2009   ,24.4
   03/17/2009   ,24.5
   03/16/2009   ,24.5
   03/15/2009   ,24.2
   03/14/2009   ,24.3
   03/13/2009   ,24.3
   03/12/2009   ,24.3
   03/11/2009   ,24.3
   03/10/2009   ,24.2
   03/09/2009   ,24.3
   03/08/2009   ,24.2
   03/07/2009   ,24.2
   03/06/2009   ,24.1
   03/05/2009   ,23.9
   03/04/2009   ,23.3
   03/03/2009   ,21.7
   03/02/2009   ,20.5
   03/01/2009   ,19.6
   02/28/2009   ,19.5
   02/27/2009   ,19.4
   02/26/2009   ,19.2
   02/25/2009   ,18.9
   02/24/2009   ,18.8
   02/23/2009   ,18.3
   02/22/2009   ,17.4
   02/21/2009   ,17.3
   02/20/2009   ,17.2
   02/19/2009   ,17.1
   02/18/2009   ,16.9
   02/17/2009   ,16.1
   02/16/2009   ,15
   02/15/2009   ,14.3
   02/14/2009   ,13.8
   02/13/2009   ,13
   02/12/2009   ,12.8
   02/11/2009   ,12.4
   02/10/2009   ,12.1
   02/09/2009   ,12
   02/08/2009   ,11.2
   02/07/2009   ,11
   02/06/2009   ,10.5
   02/05/2009   ,10.2
   02/04/2009   ,10.1
   02/03/2009   ,10.2
   02/02/2009   ,10.1
   02/01/2009   ,10.2
   01/31/2009   ,10.1
   01/30/2009   ,10.2
   01/29/2009   ,10.2
   01/28/2009   ,10.1
   01/27/2009   ,10.1
   01/26/2009   ,10
   01/25/2009   ,9.7
   01/24/2009   ,9.3
   01/23/2009   ,8.9
   01/22/2009   ,8.4
   01/21/2009   ,8.2
   01/20/2009   ,8.2
   01/19/2009   ,8.3
   01/18/2009   ,8.3
   01/17/2009   ,8.3
   01/16/2009   ,8.3
   01/15/2009   ,8.4
   01/14/2009   ,8.4
   01/13/2009   ,8.4
   01/12/2009   ,8.4
   01/11/2009   ,8.4
   01/10/2009   ,8.4
   01/09/2009   ,8.4
   01/08/2009   ,8.4
   01/07/2009   ,8.4
   01/06/2009   ,8.4
   01/05/2009   ,8.3
   01/04/2009   ,8.2
   01/03/2009   ,8.2
   01/02/2009   ,7.9
   01/01/2009   ,7.8
   12/31/2008   ,7.8
   12/30/2008   ,7.7
   12/29/2008   ,7.7
   12/28/2008   ,7.6
   12/27/2008   ,7.5
   12/26/2008   ,7.5
   12/25/2008   ,6.2
   12/24/2008   ,4.9
   12/23/2008   ,4.8
   12/22/2008   ,4.5
   12/21/2008   ,3.6
   12/20/2008   ,3.4
   12/19/2008   ,3.3
   12/18/2008   ,2.9
   12/17/2008   ,2.9
   12/16/2008   ,2.8
   12/15/2008   ,1.9
   12/14/2008   ,1.2
   12/13/2008   ,1
   12/12/2008   ,0.9
   12/11/2008   ,0.9
   12/10/2008   ,0.8
   12/09/2008   ,0.7
   12/08/2008   ,0.7
   12/07/2008   ,0.7
   12/06/2008   ,0.7
   12/05/2008   ,0.7
   12/04/2008   ,0.7
   12/03/2008   ,0.6
   12/02/2008   ,0.6
   12/01/2008   ,0.6
   11/30/2008   ,0.6
   11/29/2008   ,0.6
   11/28/2008   ,0.6
   11/27/2008   ,0.7
   11/26/2008   ,0.6
   11/25/2008   ,0.5
   11/24/2008   ,0.5
   11/23/2008   ,0.6
   11/22/2008   ,0.6
   11/21/2008   ,0.6
   11/20/2008   ,0.6
   11/19/2008   ,0.6
   11/18/2008   ,0.7
   11/17/2008   ,0.7
   11/16/2008   ,0.8
   11/15/2008   ,0.9
   11/14/2008   ,1
   11/13/2008   ,1.1
   11/12/2008   ,1.2
   11/11/2008   ,1.2
   11/10/2008   ,1.3
   11/09/2008   ,1.3
   11/08/2008   ,1.1
   11/07/2008   ,1.2
   11/06/2008   ,1.2
   11/05/2008   ,1.1
   11/04/2008   ,1.1
   11/03/2008   ,0.6
   11/02/2008   ,0.5
   11/01/2008   ,0.3
   10/31/2008   ,0.1
   10/20/2008   ,0
   10/02/2008   ,0
   10/01/2008   ,0
   06/09/2008   ,0.3
   06/08/2008   ,0.3
   06/07/2008   ,0.5
   06/06/2008   ,0.6
   06/05/2008   ,0.8
   06/04/2008   ,1
   06/03/2008   ,1.2
   06/02/2008   ,1.4
   06/01/2008   ,1.6
   05/31/2008   ,1.8
   05/30/2008   ,2
   05/29/2008   ,2.2
   05/28/2008   ,2.2
   05/27/2008   ,2.3
   05/26/2008   ,2.3
   05/25/2008   ,2.1
   05/24/2008   ,1.9
   05/23/2008   ,1.8
   05/22/2008   ,1.8
   05/21/2008   ,2
   05/20/2008   ,2.4
   05/19/2008   ,3.1
   05/18/2008   ,3.7
   05/17/2008   ,4.5
   05/16/2008   ,5.3
   05/15/2008   ,6.1
   05/14/2008   ,6.8
   05/13/2008   ,7.4
   05/12/2008   ,7.8
   05/11/2008   ,8.5
   05/10/2008   ,9.1
   05/09/2008   ,9.1
   05/08/2008   ,10.4
   05/07/2008   ,11.1
   05/06/2008   ,12
   05/05/2008   ,12.7
   05/04/2008   ,13.2
   05/03/2008   ,13.8
   05/02/2008   ,14.4
   05/01/2008   ,15
   04/30/2008   ,15.5
   04/29/2008   ,16.1
   04/28/2008   ,17
   04/27/2008   ,17.9
   04/26/2008   ,18.8
   04/25/2008   ,19.4
   04/24/2008   ,19.7
   04/23/2008   ,19.6
   04/22/2008   ,19.7
   04/21/2008   ,20.1
   04/20/2008   ,20.3
   04/19/2008   ,20.6
   04/18/2008   ,21.2
   04/17/2008   ,21.9
   04/16/2008   ,22.3
   04/15/2008   ,22.6
   04/14/2008   ,23.2
   04/13/2008   ,23.9
   04/12/2008   ,24.6
   04/11/2008   ,25.1
   04/10/2008   ,25.4
   04/09/2008   ,25.6
   04/08/2008   ,25.8
   04/07/2008   ,26
   04/06/2008   ,26.3
   04/05/2008   ,26.6
   04/04/2008   ,26.9
   04/03/2008   ,27.2
   04/02/2008   ,27.3
   04/01/2008   ,27.4
   03/31/2008   ,27.4
   03/30/2008   ,27.4
   03/29/2008   ,27.4
   03/28/2008   ,27.5
   03/27/2008   ,27.6
   03/26/2008   ,27.8
   03/25/2008   ,28.1
   03/24/2008   ,28.4
   03/23/2008   ,28.6
   03/22/2008   ,28.7
   03/21/2008   ,28.8
   03/20/2008   ,29
   03/19/2008   ,29
   03/18/2008   ,29.1
   03/17/2008   ,29
   03/16/2008   ,28.9
   03/15/2008   ,28.8
   03/14/2008   ,28.6
   03/13/2008   ,28.6
   03/12/2008   ,28.7
   03/11/2008   ,28.9
   03/10/2008   ,29
   03/09/2008   ,29.1
   03/08/2008   ,29.1
   03/07/2008   ,29.1
   03/06/2008   ,29.1
   03/05/2008   ,29.2
   03/04/2008   ,29.2
   03/03/2008   ,29.2
   03/02/2008   ,29.2
   03/01/2008   ,29.3
   02/29/2008   ,29.3
   02/28/2008   ,29.4
   02/27/2008   ,29.4
   02/26/2008   ,29.3
   02/25/2008   ,29.1
   02/24/2008   ,27.6
   02/23/2008   ,25.9
   02/22/2008   ,25.1
   02/21/2008   ,24.2
   02/20/2008   ,24
   02/19/2008   ,23.8
   02/18/2008   ,23.8
   02/17/2008   ,23.8
   02/16/2008   ,23.9
   02/15/2008   ,23.8
   02/14/2008   ,23.8
   02/13/2008   ,23.9
   02/12/2008   ,23.9
   02/11/2008   ,23.9
   02/10/2008   ,23.9
   02/09/2008   ,23.9
   02/08/2008   ,23.8
   02/07/2008   ,23.8
   02/06/2008   ,23.8
   02/05/2008   ,23.6
   02/04/2008   ,23.6
   02/03/2008   ,22.8
   02/02/2008   ,21
   02/01/2008   ,20.7
   01/31/2008   ,19.7
   01/30/2008   ,19.4
   01/29/2008   ,18.9
   01/28/2008   ,18.5
   01/27/2008   ,16.6
   01/26/2008   ,16
   01/25/2008   ,15.5
   01/24/2008   ,15.1
   01/23/2008   ,14.7
   01/22/2008   ,14.5
   01/21/2008   ,14.4
   01/20/2008   ,14.4
   01/19/2008   ,14.3
   01/18/2008   ,14.3
   01/17/2008   ,14.3
   01/16/2008   ,14.3
   01/15/2008   ,14.4
   01/14/2008   ,14.4
   01/13/2008   ,14.3
   01/12/2008   ,14.3
   01/11/2008   ,14.3
   01/10/2008   ,14.1
   01/09/2008   ,13.9
   01/08/2008   ,13
   01/07/2008   ,12.8
   01/06/2008   ,12.5
   01/05/2008   ,10.5
   01/04/2008   ,6.7
   01/03/2008   ,6.1
   01/02/2008   ,6.2
   01/01/2008   ,6.1
   12/31/2007   ,6.1
   12/30/2007   ,6.1
   12/29/2007   ,5.9
   12/28/2007   ,5.7
   12/27/2007   ,5.6
   12/26/2007   ,5.6
   12/25/2007   ,5.6
   12/24/2007   ,5.6
   12/23/2007   ,5.5
   12/22/2007   ,5.4
   12/21/2007   ,5.4
   12/20/2007   ,4.8
   12/19/2007   ,4
   12/18/2007   ,2.7
   12/17/2007   ,2.4
   12/16/2007   ,2.3
   12/15/2007   ,2.2
   12/14/2007   ,2.2
   12/13/2007   ,2.2
   12/12/2007   ,2.2
   12/11/2007   ,2.2
   12/10/2007   ,2.2
   12/09/2007   ,2.2
   12/08/2007   ,2.1
   12/07/2007   ,1.8
   12/06/2007   ,0.6
   12/05/2007   ,0.3
   12/04/2007   ,0.3
   12/03/2007   ,0.2
   12/02/2007   ,0.1
   12/01/2007   ,0.1
   11/27/2007   ,0.2
   11/18/2007   ,0.1
   11/16/2007   ,0.2
   11/01/2007   ,0.1
   10/23/2007   ,0
   10/22/2007   ,0
   10/11/2007   ,0
   10/10/2007   ,0
   10/02/2007   ,0
   09/26/2007   ,0
   09/25/2007   ,0
   09/24/2007   ,0
   09/14/2007   ,0
   09/07/2007   ,0
   09/05/2007   ,0
   08/24/2007   ,0
   07/09/2007   ,0
   06/18/2007   ,0
   06/16/2007   ,0
   06/15/2007   ,0
   06/14/2007   ,0
   06/13/2007   ,0
   06/12/2007   ,0
   06/11/2007   ,0
   06/10/2007   ,0
   06/09/2007   ,0.1
   06/08/2007   ,0.1
   06/07/2007   ,0.1
   06/06/2007   ,0.1
   06/05/2007   ,0.1
   06/04/2007   ,0.1
   06/03/2007   ,0.1
   06/02/2007   ,0.1
   06/01/2007   ,0.1
   05/31/2007   ,0.2
   05/30/2007   ,0.2
   05/29/2007   ,0.2
   05/28/2007   ,0.2
   05/27/2007   ,0.3
   05/26/2007   ,0.3
   05/25/2007   ,0.4
   05/24/2007   ,0.5
   05/23/2007   ,0.6
   05/22/2007   ,0.7
   05/21/2007   ,0.9
   05/20/2007   ,1
   05/19/2007   ,1.2
   05/18/2007   ,1.4
   05/17/2007   ,1.6
   05/16/2007   ,1.9
   05/15/2007   ,2.1
   05/14/2007   ,2.4
   05/13/2007   ,2.7
   05/12/2007   ,3.1
   05/11/2007   ,3.5
   05/10/2007   ,4
   05/09/2007   ,4.4
   05/08/2007   ,4.9
   05/07/2007   ,5.4
   05/06/2007   ,5.7
   05/05/2007   ,5.8
   05/04/2007   ,5.8
   05/03/2007   ,5.6
   05/02/2007   ,5.5
   05/01/2007   ,6
   04/30/2007   ,6.6
   04/29/2007   ,7.1
   04/28/2007   ,7.8
   04/27/2007   ,8.4
   04/26/2007   ,8.8
   04/25/2007   ,9.2
   04/24/2007   ,9.4
   04/23/2007   ,9.6
   04/22/2007   ,9
   04/21/2007   ,8.5
   04/20/2007   ,8.5
   04/19/2007   ,8.4
   04/18/2007   ,8.4
   04/17/2007   ,8.5
   04/16/2007   ,8.8
   04/15/2007   ,8.7
   04/14/2007   ,8.5
   04/13/2007   ,8.7
   04/12/2007   ,8.7
   04/11/2007   ,8.3
   04/10/2007   ,8.7
   04/09/2007   ,9.1
   04/08/2007   ,9.6
   04/07/2007   ,10.2
   04/06/2007   ,10.7
   04/05/2007   ,11.2
   04/04/2007   ,11.6
   04/03/2007   ,12.1
   04/02/2007   ,12.5
   04/01/2007   ,12.8
   03/31/2007   ,13.1
   03/30/2007   ,13.4
   03/29/2007   ,13.5
   03/28/2007   ,13.5
   03/27/2007   ,13.2
   03/26/2007   ,12.6
   03/25/2007   ,13
   03/24/2007   ,13.4
   03/23/2007   ,13.7
   03/22/2007   ,13.9
   03/21/2007   ,13.9
   03/20/2007   ,13.7
   03/19/2007   ,14.1
   03/18/2007   ,14.5
   03/17/2007   ,14.8
   03/16/2007   ,15.2
   03/15/2007   ,15.5
   03/14/2007   ,15.8
   03/13/2007   ,16
   03/12/2007   ,16.3
   03/11/2007   ,16.5
   03/10/2007   ,16.6
   03/09/2007   ,16.6
   03/08/2007   ,16.7
   03/07/2007   ,16.6
   03/06/2007   ,16.7
   03/05/2007   ,16.7
   03/04/2007   ,16.7
   03/03/2007   ,16.7
   03/02/2007   ,16.7
   03/01/2007   ,16.7
   02/28/2007   ,16.7
   02/27/2007   ,15.5
   02/26/2007   ,13.8
   02/25/2007   ,12.6
   02/24/2007   ,11.9
   02/23/2007   ,11.7
   02/22/2007   ,10.7
   02/21/2007   ,10.2
   02/20/2007   ,10.1
   02/19/2007   ,10
   02/18/2007   ,10
   02/17/2007   ,10
   02/16/2007   ,10
   02/15/2007   ,10
   02/14/2007   ,9.9
   02/13/2007   ,9.8
   02/12/2007   ,9.7
   02/11/2007   ,9.4
   02/10/2007   ,8.2
   02/09/2007   ,7.9
   02/08/2007   ,7.5
   02/07/2007   ,7.3
   02/06/2007   ,7.3
   02/05/2007   ,7.4
   02/04/2007   ,7.4
   02/03/2007   ,7.4
   02/02/2007   ,7.4
   02/01/2007   ,7.4
   01/31/2007   ,7.4
   01/30/2007   ,7.4
   01/29/2007   ,7.4
   01/28/2007   ,7.4
   01/27/2007   ,7.4
   01/26/2007   ,7.4
   01/25/2007   ,7.4
   01/24/2007   ,7.4
   01/23/2007   ,7.4
   01/22/2007   ,7.4
   01/21/2007   ,7.5
   01/20/2007   ,7.5
   01/19/2007   ,7.5
   01/18/2007   ,7.5
   01/17/2007   ,7.5
   01/16/2007   ,7.5
   01/15/2007   ,7.5
   01/14/2007   ,7.5
   01/13/2007   ,7.5
   01/12/2007   ,7.6
   01/11/2007   ,7.6
   01/10/2007   ,7.6
   01/09/2007   ,7.6
   01/08/2007   ,7.6
   01/07/2007   ,7.6
   01/06/2007   ,7.6
   01/05/2007   ,7.6
   01/04/2007   ,6.6
   01/03/2007   ,6.2
   01/02/2007   ,6.2
   01/01/2007   ,6.2
   12/31/2006   ,6.2
   12/30/2006   ,6.2
   12/29/2006   ,6.2
   12/28/2006   ,6.1
   12/27/2006   ,5.4
   12/26/2006   ,4.5
   12/25/2006   ,4.4
   12/24/2006   ,4.4
   12/23/2006   ,4.4
   12/22/2006   ,4.3
   12/21/2006   ,3.6
   12/20/2006   ,3.5
   12/19/2006   ,3.5
   12/18/2006   ,3.5
   12/17/2006   ,3.5
   12/16/2006   ,3.3
   12/15/2006   ,3.3
   12/14/2006   ,3.3
   12/13/2006   ,3.2
   12/12/2006   ,3.2
   12/11/2006   ,2.7
   12/10/2006   ,2.5
   12/09/2006   ,1.8
   12/08/2006   ,1.7
   12/07/2006   ,1.7
   12/06/2006   ,1.7
   12/05/2006   ,1.6
   12/04/2006   ,1.6
   12/03/2006   ,1.6
   12/02/2006   ,1.6
   12/01/2006   ,1.6
   11/30/2006   ,1.6
   11/29/2006   ,1.5
   11/28/2006   ,1.5
   11/27/2006   ,1.2
   11/26/2006   ,0.7
   11/25/2006   ,0.6
   11/24/2006   ,0.6
   11/23/2006   ,0.5
   11/22/2006   ,0.4
   11/21/2006   ,0.4
   11/20/2006   ,0.4
   11/19/2006   ,0.5
   11/18/2006   ,0.5
   11/17/2006   ,0.6
   11/16/2006   ,0.7
   11/15/2006   ,0.7
   11/14/2006   ,0.7
   11/13/2006   ,0.4
   11/12/2006   ,0.2
   11/11/2006   ,0.1
   11/10/2006   ,0.1
   11/09/2006   ,0
   11/08/2006   ,0.1
   11/07/2006   ,0
   11/06/2006   ,0.1
   11/05/2006   ,0
   11/04/2006   ,0
   11/03/2006   ,0
   11/02/2006   ,0
   11/01/2006   ,0
   10/31/2006   ,0
   10/30/2006   ,0
   10/29/2006   ,0
   10/28/2006   ,0
   10/27/2006   ,0
   10/26/2006   ,0
   10/25/2006   ,0
   10/24/2006   ,0
   10/23/2006   ,0
   10/22/2006   ,0
   10/21/2006   ,0
   10/20/2006   ,0
   10/19/2006   ,0
   10/18/2006   ,0
   10/17/2006   ,0
   10/16/2006   ,0
   10/15/2006   ,0
   10/14/2006   ,0
   10/13/2006   ,0
   10/12/2006   ,0
   10/11/2006   ,0
   10/10/2006   ,0
   10/09/2006   ,0
   10/08/2006   ,0
   10/07/2006   ,0
   10/06/2006   ,0
   10/05/2006   ,0
   10/04/2006   ,0
   10/03/2006   ,0
   10/02/2006   ,0
   10/01/2006   ,0
   07/19/2006   ,0
   07/18/2006   ,0
   07/17/2006   ,0
   07/16/2006   ,0
   07/15/2006   ,0
   07/14/2006   ,0
   07/13/2006   ,0
   07/12/2006   ,0
   07/11/2006   ,0
   07/10/2006   ,0
   07/09/2006   ,0
   07/08/2006   ,0
   07/07/2006   ,0
   07/06/2006   ,0
   07/05/2006   ,0
   07/04/2006   ,0.1
   07/03/2006   ,0.1
   07/02/2006   ,0.1
   07/01/2006   ,0.2
   06/30/2006   ,0.2
   06/29/2006   ,0.3
   06/28/2006   ,0.4
   06/27/2006   ,0.5
   06/26/2006   ,0.7
   06/25/2006   ,0.9
   06/24/2006   ,1.2
   06/23/2006   ,1.6
   06/22/2006   ,2
   06/21/2006   ,2.4
   06/20/2006   ,2.8
   06/19/2006   ,3.2
   06/18/2006   ,3.7
   06/17/2006   ,4.1
   06/16/2006   ,4.5
   06/15/2006   ,4.9
   06/14/2006   ,5.1
   06/13/2006   ,5.4
   06/12/2006   ,5.9
   06/11/2006   ,6.5
   06/10/2006   ,7.1
   06/09/2006   ,7.7
   06/08/2006   ,8.4
   06/07/2006   ,9
   06/06/2006   ,9.7
   06/05/2006   ,10.6
   06/04/2006   ,11.4
   06/03/2006   ,12.3
   06/02/2006   ,13.2
   06/01/2006   ,14.2
   05/31/2006   ,15.1
   05/30/2006   ,15.8
   05/29/2006   ,16.3
   05/28/2006   ,16.6
   05/27/2006   ,16.9
   05/26/2006   ,17.8
   05/25/2006   ,18.7
   05/24/2006   ,19.5
   05/23/2006   ,20.1
   05/22/2006   ,20.5
   05/21/2006   ,20.8
   05/20/2006   ,21.8
   05/19/2006   ,22.8
   05/18/2006   ,24.1
   05/17/2006   ,25.2
   05/16/2006   ,26
   05/15/2006   ,27.1
   05/14/2006   ,28.2
   05/13/2006   ,29.3
   05/12/2006   ,30.4
   05/11/2006   ,31.4
   05/10/2006   ,32.4
   05/09/2006   ,33.3
   05/08/2006   ,34.2
   05/07/2006   ,35.1
   05/06/2006   ,35.9
   05/05/2006   ,36.7
   05/04/2006   ,37.5
   05/03/2006   ,38.3
   05/02/2006   ,39.1
   05/01/2006   ,39.7
   04/30/2006   ,40.6
   04/29/2006   ,41.5
   04/28/2006   ,42.5
   04/27/2006   ,43.2
   04/26/2006   ,43.7
   04/25/2006   ,44
   04/24/2006   ,44.3
   04/23/2006   ,44.4
   04/22/2006   ,44.5
   04/21/2006   ,44.9
   04/20/2006   ,45.2
   04/19/2006   ,45.4
   04/18/2006   ,45.5
   04/17/2006   ,45.4
   04/16/2006   ,44.1
   04/15/2006   ,43.8
   04/14/2006   ,43.8
   04/13/2006   ,43.8
   04/12/2006   ,43.5
   04/11/2006   ,43
   04/10/2006   ,42.6
   04/09/2006   ,42.3
   04/08/2006   ,42.2
   04/07/2006   ,42
   04/06/2006   ,41.9
   04/05/2006   ,41.5
   04/04/2006   ,40.5
   04/03/2006   ,39.3
   04/02/2006   ,38.8
   04/01/2006   ,38.6
   03/31/2006   ,37.7
   03/30/2006   ,37.3
   03/29/2006   ,37.3
   03/28/2006   ,36.2
   03/27/2006   ,35.9
   03/26/2006   ,35.8
   03/25/2006   ,35
   03/24/2006   ,34.7
   03/23/2006   ,34.7
   03/22/2006   ,34.6
   03/21/2006   ,34.5
   03/20/2006   ,34
   03/19/2006   ,34
   03/18/2006   ,33.8
   03/17/2006   ,33.5
   03/16/2006   ,33
   03/15/2006   ,32.8
   03/14/2006   ,31.8
   03/13/2006   ,31.4
   03/12/2006   ,31.1
   03/11/2006   ,30.9
   03/10/2006   ,30.5
   03/09/2006   ,30
   03/08/2006   ,29.5
   03/07/2006   ,29
   03/06/2006   ,28.1
   03/05/2006   ,27.4
   03/04/2006   ,27.1
   03/03/2006   ,26
   03/02/2006   ,25.2
   03/01/2006   ,24.7
   02/28/2006   ,24.2
   02/27/2006   ,23.1
   02/26/2006   ,22.8
   02/25/2006   ,22.8
   02/24/2006   ,22.8
   02/23/2006   ,22.8
   02/22/2006   ,22.8
   02/21/2006   ,22.8
   02/20/2006   ,22.8
   02/19/2006   ,22.8
   02/18/2006   ,22.5
   02/17/2006   ,22.2
   02/16/2006   ,22.2
   02/15/2006   ,22.2
   02/14/2006   ,22.2
   02/13/2006   ,22.3
   02/12/2006   ,22.3
   02/11/2006   ,22.3
   02/10/2006   ,22.3
   02/09/2006   ,22.4
   02/08/2006   ,22.4
   02/07/2006   ,22.3
   02/06/2006   ,22.3
   02/05/2006   ,22.3
   02/04/2006   ,22.2
   02/03/2006   ,22.2
   02/02/2006   ,22.1
   02/01/2006   ,21.8
   01/31/2006   ,21.6
   01/30/2006   ,21
   01/29/2006   ,20.8
   01/28/2006   ,20.3
   01/27/2006   ,20.2
   01/26/2006   ,20.1
   01/25/2006   ,20.1
   01/24/2006   ,20.1
   01/23/2006   ,20.1
   01/22/2006   ,20.1
   01/21/2006   ,20
   01/20/2006   ,19.9
   01/19/2006   ,19.8
   01/18/2006   ,19
   01/17/2006   ,18.3
   01/16/2006   ,18.2
   01/15/2006   ,18.1
   01/14/2006   ,16.7
   01/13/2006   ,16.6
   01/12/2006   ,16.5
   01/11/2006   ,16.5
   01/10/2006   ,16.4
   01/09/2006   ,16.4
   01/08/2006   ,16.4
   01/07/2006   ,16.3
   01/06/2006   ,16.1
   01/05/2006   ,16
   01/04/2006   ,15.9
   01/03/2006   ,15.5
   01/02/2006   ,13.9
   01/01/2006   ,12.2
   12/31/2005   ,10.9
   12/30/2005   ,9.7
   12/29/2005   ,9.5
   12/28/2005   ,8.9
   12/27/2005   ,8.4
   12/26/2005   ,7.9
   12/25/2005   ,7.2
   12/24/2005   ,7.2
   12/23/2005   ,7.2
   12/22/2005   ,7.3
   12/21/2005   ,7.1
   12/20/2005   ,7
   12/19/2005   ,6.8
   12/18/2005   ,5.3
   12/17/2005   ,4.8
   12/16/2005   ,4.8
   12/15/2005   ,4.8
   12/14/2005   ,4.7
   12/13/2005   ,4.8
   12/12/2005   ,4.7
   12/11/2005   ,4.7
   12/10/2005   ,4.7
   12/09/2005   ,4.8
   12/08/2005   ,4.8
   12/07/2005   ,4.5
   12/06/2005   ,4.5
   12/05/2005   ,4.4
   12/04/2005   ,4.4
   12/03/2005   ,4.4
   12/02/2005   ,4.1
   12/01/2005   ,2.1
   11/30/2005   ,1.8
   11/29/2005   ,1.5
   11/28/2005   ,0.7
   11/27/2005   ,0.6
   11/26/2005   ,0.5
   11/25/2005   ,0.4
   11/24/2005   ,0.4
   11/23/2005   ,0.4
   11/22/2005   ,0.4
   11/21/2005   ,0.4
   11/20/2005   ,0.4
   11/19/2005   ,0.4
   11/18/2005   ,0.4
   11/17/2005   ,0.4
   11/16/2005   ,0.4
   11/15/2005   ,0.4
   11/14/2005   ,0.4
   11/13/2005   ,0.5
   11/12/2005   ,0.5
   11/11/2005   ,0.5
   11/10/2005   ,0.5
   11/09/2005   ,0.6
   11/08/2005   ,0.5
   11/07/2005   ,0.3
   11/06/2005   ,0.3
   11/05/2005   ,0.3
   11/04/2005   ,0.3
   11/03/2005   ,0.1
   11/02/2005   ,0.1
   11/01/2005   ,0.1
   10/31/2005   ,0.1
   10/30/2005   ,0.1
   10/29/2005   ,0.1
   10/28/2005   ,0.1
   10/27/2005   ,0
   10/26/2005   ,0
   10/25/2005   ,0
   10/24/2005   ,0
   10/23/2005   ,0
   10/22/2005   ,0
   10/21/2005   ,0
   10/20/2005   ,0
   10/19/2005   ,0
   10/18/2005   ,0
   10/17/2005   ,0
   10/16/2005   ,0
   10/15/2005   ,0
   10/14/2005   ,0
   10/13/2005   ,0
   10/12/2005   ,0
   10/11/2005   ,0
   10/10/2005   ,0
   10/09/2005   ,0
   10/08/2005   ,0
   10/07/2005   ,0
   10/06/2005   ,0
   10/05/2005   ,0
   10/04/2005   ,0
   10/03/2005   ,0
   10/02/2005   ,0
   10/01/2005   ,0
   07/21/2005   ,0
   07/20/2005   ,0
   07/19/2005   ,0
   07/18/2005   ,0
   07/17/2005   ,0
   07/16/2005   ,0
   07/15/2005   ,0
   07/14/2005   ,0
   07/13/2005   ,0
   07/12/2005   ,0
   07/11/2005   ,0
   07/10/2005   ,0
   07/09/2005   ,0
   07/08/2005   ,0
   07/07/2005   ,0
   07/06/2005   ,0.1
   07/05/2005   ,0.1
   07/04/2005   ,0.2
   07/03/2005   ,0.3
   07/02/2005   ,0.5
   07/01/2005   ,0.7
   06/30/2005   ,0.9
   06/29/2005   ,1.2
   06/28/2005   ,1.4
   06/27/2005   ,1.6
   06/26/2005   ,1.8
   06/25/2005   ,2
   06/24/2005   ,2.2
   06/23/2005   ,2.5
   06/22/2005   ,2.9
   06/21/2005   ,3.2
   06/20/2005   ,3.6
   06/19/2005   ,3.9
   06/18/2005   ,4
   06/17/2005   ,4.1
   06/16/2005   ,4.4
   06/15/2005   ,4.9
   06/14/2005   ,5.4
   06/13/2005   ,6
   06/12/2005   ,6.6
   06/11/2005   ,7.2
   06/10/2005   ,7.7
   06/09/2005   ,8
   06/08/2005   ,8.3
   06/07/2005   ,8.7
   06/06/2005   ,9.1
   06/05/2005   ,9.8
   06/04/2005   ,10.5
   06/03/2005   ,11.2
   06/02/2005   ,12.3
   06/01/2005   ,13.1
   05/31/2005   ,14.2
   05/30/2005   ,15
   05/29/2005   ,15.8
   05/28/2005   ,16.9
   05/27/2005   ,18.1
   05/26/2005   ,19.4
   05/25/2005   ,20.6
   05/24/2005   ,21.7
   05/23/2005   ,22.6
   05/22/2005   ,23.7
   05/21/2005   ,24.7
   05/20/2005   ,25.8
   05/19/2005   ,26.8
   05/18/2005   ,27.4
   05/17/2005   ,27.6
   05/16/2005   ,28.1
   05/15/2005   ,28.9
   05/14/2005   ,29.9
   05/13/2005   ,30.7
   05/12/2005   ,31.3
   05/11/2005   ,31.5
   05/10/2005   ,31.3
   05/09/2005   ,30.9
   05/08/2005   ,30.6
   05/07/2005   ,30.9
   05/06/2005   ,31.1
   05/05/2005   ,31.3
   05/04/2005   ,31.9
   05/03/2005   ,32.6
   05/02/2005   ,33.3
   05/01/2005   ,33.7
   04/30/2005   ,34.1
   04/29/2005   ,34.4
   04/28/2005   ,34.6
   04/27/2005   ,34.9
   04/26/2005   ,35.4
   04/25/2005   ,35.7
   04/24/2005   ,35.9
   04/23/2005   ,36.1
   04/22/2005   ,36.4
   04/21/2005   ,36.7
   04/20/2005   ,37.3
   04/19/2005   ,37.4
   04/18/2005   ,37.6
   04/17/2005   ,38.2
   04/16/2005   ,38.8
   04/15/2005   ,39.1
   04/14/2005   ,39.3
   04/13/2005   ,39.5
   04/12/2005   ,39.7
   04/11/2005   ,39.9
   04/10/2005   ,40
   04/09/2005   ,40
   04/08/2005   ,39
   04/07/2005   ,38.9
   04/06/2005   ,39.3
   04/05/2005   ,39.4
   04/04/2005   ,39.4
   04/03/2005   ,38.8
   04/02/2005   ,38.9
   04/01/2005   ,39
   03/31/2005   ,39.3
   03/30/2005   ,39.2
   03/29/2005   ,38.8
   03/28/2005   ,38.4
   03/27/2005   ,37.6
   03/26/2005   ,37.6
   03/25/2005   ,37.4
   03/24/2005   ,37.2
   03/23/2005   ,36.5
   03/22/2005   ,34.5
   03/21/2005   ,33.6
   03/20/2005   ,32.4
   03/19/2005   ,31.1
   03/18/2005   ,31.2
   03/17/2005   ,31.2
   03/16/2005   ,31.3
   03/15/2005   ,31.4
   03/14/2005   ,31.5
   03/13/2005   ,31.6
   03/12/2005   ,31.9
   03/11/2005   ,32.2
   03/10/2005   ,32.4
   03/09/2005   ,32.6
   03/08/2005   ,32.8
   03/07/2005   ,32.9
   03/06/2005   ,33
   03/05/2005   ,33
   03/04/2005   ,32.9
   03/03/2005   ,32.9
   03/02/2005   ,32.9
   03/01/2005   ,32.3
   02/28/2005   ,32
   02/27/2005   ,31.6
   02/26/2005   ,31.6
   02/25/2005   ,31.6
   02/24/2005   ,31.6
   02/23/2005   ,31.5
   02/22/2005   ,31.4
   02/21/2005   ,30.8
   02/20/2005   ,30.1
   02/19/2005   ,29.4
   02/18/2005   ,29.1
   02/17/2005   ,29
   02/16/2005   ,28.8
   02/15/2005   ,28.3
   02/14/2005   ,28.5
   02/13/2005   ,28.3
   02/12/2005   ,28.2
   02/11/2005   ,28.1
   02/10/2005   ,28.1
   02/09/2005   ,28.1
   02/08/2005   ,28.1
   02/07/2005   ,28
   02/06/2005   ,28
   02/05/2005   ,28
   02/04/2005   ,28
   02/03/2005   ,28.1
   02/02/2005   ,28.1
   02/01/2005   ,27.8
   01/31/2005   ,28.2
   01/30/2005   ,28.1
   01/29/2005   ,27.9
   01/28/2005   ,27.1
   01/27/2005   ,26.8
   01/26/2005   ,26.2
   01/25/2005   ,26.2
   01/24/2005   ,26.2
   01/23/2005   ,26.2
   01/22/2005   ,26.2
   01/21/2005   ,26.2
   01/20/2005   ,26.2
   01/19/2005   ,26.2
   01/18/2005   ,26.2
   01/17/2005   ,26.2
   01/16/2005   ,26.2
   01/15/2005   ,26.2
   01/14/2005   ,26.3
   01/13/2005   ,26.2
   01/12/2005   ,26.2
   01/11/2005   ,25.6
   01/10/2005   ,24.1
   01/09/2005   ,22.4
   01/08/2005   ,20
   01/07/2005   ,17.6
   01/06/2005   ,17.5
   01/05/2005   ,17.4
   01/04/2005   ,17.2
   01/03/2005   ,17
   01/02/2005   ,16.7
   01/01/2005   ,16.1
   12/31/2004   ,14.6
   12/30/2004   ,11.9
   12/29/2004   ,10.6
   12/28/2004   ,9.9
   12/27/2004   ,9.3
   12/26/2004   ,9.2
   12/25/2004   ,9.2
   12/24/2004   ,9.2
   12/23/2004   ,9.2
   12/22/2004   ,9.2
   12/21/2004   ,9.2
   12/20/2004   ,9.3
   12/19/2004   ,9.3
   12/18/2004   ,9.3
   12/17/2004   ,9.3
   12/16/2004   ,9.3
   12/15/2004   ,9.3
   12/14/2004   ,9.4
   12/13/2004   ,9.4
   12/12/2004   ,9.4
   12/11/2004   ,9.4
   12/10/2004   ,9.4
   12/09/2004   ,9.3
   12/08/2004   ,8.3
   12/07/2004   ,7
   12/06/2004   ,6.4
   12/05/2004   ,6.4
   12/04/2004   ,6.4
   12/03/2004   ,6.3
   12/02/2004   ,6.3
   12/01/2004   ,6.3
   11/30/2004   ,6.3
   11/29/2004   ,6.3
   11/28/2004   ,6.2
   11/27/2004   ,5.3
   11/26/2004   ,5.1
   11/25/2004   ,5
   11/24/2004   ,5
   11/23/2004   ,5
   11/22/2004   ,5.1
   11/21/2004   ,5.1
   11/20/2004   ,5.1
   11/19/2004   ,5.1
   11/18/2004   ,5.1
   11/17/2004   ,5.1
   11/16/2004   ,5.2
   11/15/2004   ,5.2
   11/14/2004   ,5.2
   11/13/2004   ,5.2
   11/12/2004   ,5.2
   11/11/2004   ,5.1
   11/10/2004   ,5.1
   11/09/2004   ,5.1
   11/08/2004   ,5.1
   11/07/2004   ,4.9
   11/06/2004   ,5
   11/05/2004   ,5
   11/04/2004   ,4.9
   11/03/2004   ,4.6
   11/02/2004   ,4.6
   11/01/2004   ,4.6
   10/31/2004   ,4.7
   10/30/2004   ,4.7
   10/29/2004   ,4.7
   10/28/2004   ,4.6
   10/27/2004   ,4.6
   10/26/2004   ,3.3
   10/25/2004   ,3.2
   10/24/2004   ,3.1
   10/23/2004   ,3.1
   10/22/2004   ,3.1
   10/21/2004   ,3
   10/20/2004   ,2.4
   10/19/2004   ,0.6
   10/18/2004   ,0.4
   10/17/2004   ,0
   10/16/2004   ,0
   10/15/2004   ,0
   10/14/2004   ,0
   10/13/2004   ,0
   10/12/2004   ,0
   10/11/2004   ,0
   10/10/2004   ,0
   10/09/2004   ,0
   10/08/2004   ,0
   10/07/2004   ,0
   10/06/2004   ,0
   10/05/2004   ,0
   10/04/2004   ,0
   10/03/2004   ,0
   10/02/2004   ,0
   10/01/2004   ,0
   07/01/2004   ,0
   06/30/2004   ,0
   06/29/2004   ,0
   06/28/2004   ,0
   06/27/2004   ,0
   06/26/2004   ,0
   06/25/2004   ,0
   06/24/2004   ,0
   06/23/2004   ,0
   06/22/2004   ,0
   06/21/2004   ,0
   06/20/2004   ,0
   06/19/2004   ,0
   06/18/2004   ,0
   06/17/2004   ,0.1
   06/16/2004   ,0.1
   06/15/2004   ,0.1
   06/14/2004   ,0.1
   06/13/2004   ,0.1
   06/12/2004   ,0.1
   06/11/2004   ,0.1
   06/10/2004   ,0.1
   06/09/2004   ,0.2
   06/08/2004   ,0.2
   06/07/2004   ,0.2
   06/06/2004   ,0.2
   06/05/2004   ,0.2
   06/04/2004   ,0.2
   06/03/2004   ,0.3
   06/02/2004   ,0.4
   06/01/2004   ,0.5
   05/31/2004   ,0.6
   05/30/2004   ,0.8
   05/29/2004   ,0.9
   05/28/2004   ,1
   05/27/2004   ,1.2
   05/26/2004   ,1.3
   05/25/2004   ,1.5
   05/24/2004   ,1.7
   05/23/2004   ,1.9
   05/22/2004   ,2.1
   05/21/2004   ,2.3
   05/20/2004   ,2.5
   05/19/2004   ,2.7
   05/18/2004   ,3
   05/17/2004   ,3.4
   05/16/2004   ,3.8
   05/15/2004   ,4.2
   05/14/2004   ,4.6
   05/13/2004   ,4.9
   05/12/2004   ,5.2
   05/11/2004   ,5.4
   05/10/2004   ,5.4
   05/09/2004   ,5.9
   05/08/2004   ,6.3
   05/07/2004   ,7
   05/06/2004   ,7.6
   05/05/2004   ,8.3
   05/04/2004   ,9.2
   05/03/2004   ,10.1
   05/02/2004   ,10.9
   05/01/2004   ,11.6
   04/30/2004   ,12.3
   04/29/2004   ,12.8
   04/28/2004   ,13.7
   04/27/2004   ,14.4
   04/26/2004   ,15.2
   04/25/2004   ,16
   04/24/2004   ,16.6
   04/23/2004   ,17.1
   04/22/2004   ,17.3
   04/21/2004   ,17.4
   04/20/2004   ,17.3
   04/19/2004   ,17
   04/18/2004   ,16.8
   04/17/2004   ,16.7
   04/16/2004   ,16.7
   04/15/2004   ,16.9
   04/14/2004   ,17.2
   04/13/2004   ,17.7
   04/12/2004   ,18.3
   04/11/2004   ,18.9
   04/10/2004   ,19.5
   04/09/2004   ,20.1
   04/08/2004   ,20.7
   04/07/2004   ,21.2
   04/06/2004   ,21.7
   04/05/2004   ,22.5
   04/04/2004   ,23
   04/03/2004   ,23.4
   04/02/2004   ,23.7
   04/01/2004   ,23.7
   03/31/2004   ,24
   03/30/2004   ,24.3
   03/29/2004   ,24.6
   03/28/2004   ,24.8
   03/27/2004   ,24.8
   03/26/2004   ,24.5
   03/25/2004   ,24.1
   03/24/2004   ,24.5
   03/23/2004   ,25
   03/22/2004   ,25.5
   03/21/2004   ,26
   03/20/2004   ,26.5
   03/19/2004   ,26.9
   03/18/2004   ,27.4
   03/17/2004   ,27.7
   03/16/2004   ,28
   03/15/2004   ,28.3
   03/14/2004   ,28.6
   03/13/2004   ,28.8
   03/12/2004   ,29.1
   03/11/2004   ,29.2
   03/10/2004   ,29.4
   03/09/2004   ,29.6
   03/08/2004   ,29.8
   03/07/2004   ,29.9
   03/06/2004   ,30
   03/05/2004   ,30
   03/04/2004   ,30.1
   03/03/2004   ,30.1
   03/02/2004   ,29.9
   03/01/2004   ,29.1
   02/29/2004   ,29.4
   02/28/2004   ,29.3
   02/27/2004   ,29
   02/26/2004   ,27.8
   02/25/2004   ,25.1
   02/24/2004   ,24.7
   02/23/2004   ,24.5
   02/22/2004   ,24.2
   02/21/2004   ,24.2
   02/20/2004   ,24
   02/19/2004   ,23.8
   02/18/2004   ,23.1
   02/17/2004   ,22.5
   02/16/2004   ,21.9
   02/15/2004   ,21.8
   02/14/2004   ,21.8
   02/13/2004   ,21.7
   02/12/2004   ,21.7
   02/11/2004   ,21.7
   02/10/2004   ,21.7
   02/09/2004   ,21.7
   02/08/2004   ,21.7
   02/07/2004   ,21.6
   02/06/2004   ,21.4
   02/05/2004   ,21.3
   02/04/2004   ,21.2
   02/03/2004   ,21
   02/02/2004   ,19.7
   02/01/2004   ,19.7
   01/31/2004   ,19.5
   01/30/2004   ,19.5
   01/29/2004   ,19.4
   01/28/2004   ,19.3
   01/27/2004   ,18.9
   01/26/2004   ,18.8
   01/25/2004   ,18.7
   01/24/2004   ,18.7
   01/23/2004   ,18.6
   01/22/2004   ,18.6
   01/21/2004   ,18.6
   01/20/2004   ,18.5
   01/19/2004   ,18.5
   01/18/2004   ,18.5
   01/17/2004   ,18.5
   01/16/2004   ,18.5
   01/15/2004   ,18.5
   01/14/2004   ,18.5
   01/13/2004   ,18.4
   01/12/2004   ,18.4
   01/11/2004   ,18.4
   01/10/2004   ,18.3
   01/09/2004   ,18.2
   01/08/2004   ,18.1
   01/07/2004   ,17.8
   01/06/2004   ,17.5
   01/05/2004   ,17.4
   01/04/2004   ,17.3
   01/03/2004   ,17.3
   01/02/2004   ,16.6
   01/01/2004   ,14.4
   12/31/2003   ,13.8
   12/30/2003   ,13.6
   12/29/2003   ,11.9
   12/28/2003   ,11.4
   12/27/2003   ,11.4
   12/26/2003   ,11.2
   12/25/2003   ,10.5
   12/24/2003   ,8.7
   12/23/2003   ,8.2
   12/22/2003   ,8.1
   12/21/2003   ,8.1
   12/20/2003   ,7.8
   12/19/2003   ,7.6
   12/18/2003   ,7.6
   12/17/2003   ,7.5
   12/16/2003   ,7.5
   12/15/2003   ,7.4
   12/14/2003   ,6.8
   12/13/2003   ,6.3
   12/12/2003   ,5.9
   12/11/2003   ,5.7
   12/10/2003   ,4.8
   12/09/2003   ,4.3
   12/08/2003   ,4.3
   12/07/2003   ,4.1
   12/06/2003   ,3.4
   12/05/2003   ,3.2
   12/04/2003   ,3.2
   12/03/2003   ,3.2
   12/02/2003   ,3.2
   12/01/2003   ,3.1
   11/30/2003   ,3
   11/29/2003   ,3
   11/28/2003   ,3
   11/27/2003   ,3
   11/26/2003   ,3
   11/25/2003   ,3
   11/24/2003   ,3
   11/23/2003   ,3
   11/22/2003   ,3
   11/21/2003   ,3
   11/20/2003   ,3
   11/19/2003   ,3
   11/18/2003   ,3
   11/17/2003   ,3
   11/16/2003   ,2.9
   11/15/2003   ,2.7
   11/14/2003   ,2.5
   11/13/2003   ,2.5
   11/12/2003   ,2.4
   11/11/2003   ,2.3
   11/10/2003   ,2.3
   11/09/2003   ,1.8
   11/08/2003   ,1
   11/07/2003   ,0.8
   11/06/2003   ,0.8
   11/05/2003   ,0.8
   11/04/2003   ,0.7
   11/03/2003   ,0.5
   11/02/2003   ,0.3
   11/01/2003   ,0.2
   10/31/2003   ,0
   10/30/2003   ,0
   10/29/2003   ,0
   10/28/2003   ,0
   10/27/2003   ,0
   10/26/2003   ,0
   10/25/2003   ,0
   10/24/2003   ,0
   10/23/2003   ,0
   10/22/2003   ,0
   10/21/2003   ,0
   10/20/2003   ,0
   10/19/2003   ,0
   10/18/2003   ,0
   10/17/2003   ,0
   10/16/2003   ,0
   10/15/2003   ,0
   10/14/2003   ,0
   10/10/2003   ,0
   07/03/2003   ,0
   07/02/2003   ,0
   07/01/2003   ,0
   06/30/2003   ,0
   06/29/2003   ,0.1
   06/28/2003   ,0.2
   06/27/2003   ,0.2
   06/26/2003   ,0.3
   06/25/2003   ,0.4
   06/24/2003   ,0.4
   06/23/2003   ,0.5
   06/22/2003   ,0.5
   06/21/2003   ,0.6
   06/20/2003   ,0.7
   06/19/2003   ,0.8
   06/18/2003   ,0.9
   06/17/2003   ,1
   06/16/2003   ,1.2
   06/15/2003   ,1.4
   06/14/2003   ,1.6
   06/13/2003   ,1.8
   06/12/2003   ,2
   06/11/2003   ,2.4
   06/10/2003   ,2.9
   06/09/2003   ,3.4
   06/08/2003   ,4
   06/07/2003   ,4.6
   06/06/2003   ,5.1
   06/05/2003   ,5.8
   06/04/2003   ,6.4
   06/03/2003   ,7.1
   06/02/2003   ,7.9
   06/01/2003   ,8.7
   05/31/2003   ,9.7
   05/30/2003   ,10.7
   05/29/2003   ,11.9
   05/28/2003   ,13.1
   05/27/2003   ,14.2
   05/26/2003   ,15.3
   05/25/2003   ,16.3
   05/24/2003   ,17.3
   05/23/2003   ,18.3
   05/22/2003   ,19.4
   05/21/2003   ,20.4
   05/20/2003   ,21.2
   05/19/2003   ,22
   05/18/2003   ,22.7
   05/17/2003   ,23.4
   05/16/2003   ,24.1
   05/15/2003   ,24.8
   05/14/2003   ,25.5
   05/13/2003   ,26.2
   05/12/2003   ,26.8
   05/11/2003   ,27.2
   05/10/2003   ,27.3
   05/09/2003   ,27.2
   05/08/2003   ,26.7
   05/07/2003   ,26.7
   05/06/2003   ,26.8
   05/05/2003   ,27
   05/04/2003   ,26.9
   05/03/2003   ,26.4
   05/02/2003   ,26.2
   05/01/2003   ,26.3
   04/30/2003   ,26.3
   04/29/2003   ,26
   04/28/2003   ,25.5
   04/27/2003   ,25.4
   04/26/2003   ,25.3
   04/25/2003   ,24.7
   04/24/2003   ,24.3
   04/23/2003   ,24.3
   04/22/2003   ,24.2
   04/21/2003   ,23.9
   04/20/2003   ,24
   04/19/2003   ,24
   04/18/2003   ,24
   04/17/2003   ,23.8
   04/16/2003   ,23.5
   04/15/2003   ,23.4
   04/14/2003   ,23
   04/13/2003   ,21.4
   04/12/2003   ,20.4
   04/11/2003   ,20.7
   04/10/2003   ,21.1
   04/09/2003   ,21.6
   04/08/2003   ,21.9
   04/07/2003   ,21.9
   04/06/2003   ,21.8
   04/05/2003   ,21.7
   04/04/2003   ,21.1
   04/03/2003   ,20.7
   04/02/2003   ,20.1
   04/01/2003   ,20
   03/31/2003   ,20.4
   03/30/2003   ,20.9
   03/29/2003   ,21.2
   03/28/2003   ,21.4
   03/27/2003   ,21.6
   03/26/2003   ,21.7
   03/25/2003   ,21.9
   03/24/2003   ,21.9
   03/23/2003   ,22.1
   03/22/2003   ,22.2
   03/21/2003   ,22.2
   03/20/2003   ,22.2
   03/19/2003   ,22.1
   03/18/2003   ,22
   03/17/2003   ,21.9
   03/16/2003   ,21.6
   03/15/2003   ,20.6
   03/14/2003   ,20
   03/13/2003   ,20.1
   03/12/2003   ,20.4
   03/11/2003   ,20.5
   03/10/2003   ,20.7
   03/09/2003   ,20.8
   03/08/2003   ,20.9
   03/07/2003   ,21
   03/06/2003   ,21
   03/05/2003   ,21
   03/04/2003   ,21
   03/03/2003   ,21
   03/02/2003   ,21
   03/01/2003   ,21
   02/28/2003   ,20.9
   02/27/2003   ,20.7
   02/26/2003   ,20.5
   02/25/2003   ,20.4
   02/24/2003   ,20.2
   02/23/2003   ,20.2
   02/22/2003   ,20.2
   02/21/2003   ,20.1
   02/20/2003   ,20.1
   02/19/2003   ,19.9
   02/18/2003   ,19.8
   02/17/2003   ,19.7
   02/16/2003   ,19.4
   02/15/2003   ,18.8
   02/14/2003   ,18.7
   02/13/2003   ,18.4
   02/12/2003   ,18.2
   02/11/2003   ,18.2
   02/10/2003   ,18.2
   02/09/2003   ,18.3
   02/08/2003   ,18.3
   02/07/2003   ,18.3
   02/06/2003   ,18.3
   02/05/2003   ,18.3
   02/04/2003   ,18.3
   02/03/2003   ,18.3
   02/02/2003   ,18.4
   02/01/2003   ,18.4
   01/31/2003   ,18.4
   01/30/2003   ,18.5
   01/29/2003   ,18.5
   01/28/2003   ,18.6
   01/27/2003   ,18.6
   01/26/2003   ,18.7
   01/25/2003   ,18.7
   01/24/2003   ,18.7
   01/23/2003   ,18.6
   01/22/2003   ,18.4
   01/21/2003   ,18.3
   01/20/2003   ,18.3
   01/19/2003   ,18.3
   01/18/2003   ,18.3
   01/17/2003   ,18.3
   01/16/2003   ,18.2
   01/15/2003   ,18.2
   01/14/2003   ,18.2
   01/13/2003   ,18.1
   01/12/2003   ,18
   01/11/2003   ,17.9
   01/10/2003   ,17.5
   01/09/2003   ,17.3
   01/08/2003   ,17.2
   01/07/2003   ,17.2
   01/06/2003   ,17.2
   01/05/2003   ,17.2
   01/04/2003   ,17.2
   01/03/2003   ,16.9
   01/02/2003   ,16.9
   01/01/2003   ,16.7
   12/31/2002   ,16.3
   12/30/2002   ,15.2
   12/29/2002   ,14.8
   12/28/2002   ,13.5
   12/27/2002   ,13.2
   12/26/2002   ,12.8
   12/25/2002   ,12.7
   12/24/2002   ,12.6
   12/23/2002   ,12.6
   12/22/2002   ,12.6
   12/21/2002   ,12.4
   12/20/2002   ,11.7
   12/19/2002   ,10.5
   12/18/2002   ,10.4
   12/17/2002   ,9.8
   12/16/2002   ,7.3
   12/15/2002   ,6
   12/14/2002   ,4.7
   12/13/2002   ,3.9
   12/12/2002   ,3.7
   12/11/2002   ,3.7
   12/10/2002   ,3.6
   12/09/2002   ,3.6
   12/08/2002   ,3.6
   12/07/2002   ,3.6
   12/06/2002   ,3.6
   12/05/2002   ,3.6
   12/04/2002   ,3.6
   12/03/2002   ,3.6
   12/02/2002   ,3.6
   12/01/2002   ,3.6
   11/30/2002   ,3.6
   11/29/2002   ,3.6
   11/28/2002   ,3.7
   11/27/2002   ,3.7
   11/26/2002   ,3.7
   11/25/2002   ,3.8
   11/24/2002   ,3.8
   11/23/2002   ,3.8
   11/22/2002   ,3.8
   11/21/2002   ,3.9
   11/20/2002   ,4
   11/19/2002   ,4
   11/18/2002   ,4
   11/17/2002   ,4.1
   11/16/2002   ,4.1
   11/15/2002   ,4.1
   11/14/2002   ,4.1
   11/13/2002   ,4.2
   11/12/2002   ,4.2
   11/11/2002   ,4.1
   11/10/2002   ,3.7
   11/09/2002   ,3.1
   11/08/2002   ,1.8
   11/07/2002   ,0.2
   11/06/2002   ,0
   11/05/2002   ,0
   11/04/2002   ,0
   11/03/2002   ,0
   11/02/2002   ,0
   11/01/2002   ,0
   10/31/2002   ,0
   10/30/2002   ,0
   10/29/2002   ,0
   10/28/2002   ,0
   10/27/2002   ,0
   10/26/2002   ,0
   10/25/2002   ,0
   10/24/2002   ,0
   10/23/2002   ,0
   10/22/2002   ,0
   10/21/2002   ,0
   10/20/2002   ,0
   10/19/2002   ,0
   10/18/2002   ,0
   10/17/2002   ,0
   10/16/2002   ,0
   10/15/2002   ,0
   10/14/2002   ,0
   07/15/2002   ,0
   07/14/2002   ,0
   07/13/2002   ,0
   07/12/2002   ,0
   07/11/2002   ,0
   07/10/2002   ,0
   07/09/2002   ,0
   07/08/2002   ,0
   07/07/2002   ,0
   07/06/2002   ,0
   07/05/2002   ,0
   07/04/2002   ,0
   07/03/2002   ,0
   07/02/2002   ,0
   07/01/2002   ,0
   06/30/2002   ,0
   06/29/2002   ,0
   06/28/2002   ,0
   06/27/2002   ,0
   06/26/2002   ,0
   06/25/2002   ,0
   06/24/2002   ,0
   06/23/2002   ,0
   06/22/2002   ,0
   06/21/2002   ,0.1
   06/20/2002   ,0.1
   06/19/2002   ,0.1
   06/18/2002   ,0.1
   06/17/2002   ,0.2
   06/16/2002   ,0.2
   06/15/2002   ,0.2
   06/14/2002   ,0.2
   06/13/2002   ,0.3
   06/12/2002   ,0.3
   06/11/2002   ,0.3
   06/10/2002   ,0.3
   06/09/2002   ,0.4
   06/08/2002   ,0.4
   06/07/2002   ,0.6
   06/06/2002   ,0.7
   06/05/2002   ,1
   06/04/2002   ,1.2
   06/03/2002   ,1.5
   06/02/2002   ,1.7
   06/01/2002   ,1.9
   05/31/2002   ,2.3
   05/30/2002   ,2.7
   05/29/2002   ,3.1
   05/28/2002   ,3.5
   05/27/2002   ,3.9
   05/26/2002   ,4.2
   05/25/2002   ,4.6
   05/24/2002   ,5.1
   05/23/2002   ,5.4
   05/22/2002   ,5.6
   05/21/2002   ,5.5
   05/20/2002   ,4.9
   05/19/2002   ,5.1
   05/18/2002   ,5.6
   05/17/2002   ,6.4
   05/16/2002   ,7
   05/15/2002   ,7.6
   05/14/2002   ,8.2
   05/13/2002   ,8.7
   05/12/2002   ,9.2
   05/11/2002   ,9.6
   05/10/2002   ,10.1
   05/09/2002   ,10.6
   05/08/2002   ,11.2
   05/07/2002   ,11.9
   05/06/2002   ,12.7
   05/05/2002   ,13.4
   05/04/2002   ,14
   05/03/2002   ,14.5
   05/02/2002   ,14.8
   05/01/2002   ,14.9
   04/30/2002   ,14.7
   04/29/2002   ,14.6
   04/28/2002   ,14.6
   04/27/2002   ,14.6
   04/26/2002   ,14.8
   04/25/2002   ,15.2
   04/24/2002   ,15.8
   04/23/2002   ,16.4
   04/22/2002   ,16.8
   04/21/2002   ,17.1
   04/20/2002   ,17.2
   04/19/2002   ,17.1
   04/18/2002   ,16.9
   04/17/2002   ,16.5
   04/16/2002   ,16.2
   04/15/2002   ,16.6
   04/14/2002   ,17.6
   04/13/2002   ,18.4
   04/12/2002   ,19.1
   04/11/2002   ,19.7
   04/10/2002   ,20.3
   04/09/2002   ,20.7
   04/08/2002   ,21.3
   04/07/2002   ,21.8
   04/06/2002   ,22.3
   04/05/2002   ,22.8
   04/04/2002   ,23.5
   04/03/2002   ,24.1
   04/02/2002   ,24.6
   04/01/2002   ,25.2
   03/31/2002   ,25.6
   03/30/2002   ,25.8
   03/29/2002   ,26.2
   03/28/2002   ,26.4
   03/27/2002   ,26.6
   03/26/2002   ,26.7
   03/25/2002   ,26.6
   03/24/2002   ,26.4
   03/23/2002   ,25.6
   03/22/2002   ,25.2
   03/21/2002   ,25.4
   03/20/2002   ,25.4
   03/19/2002   ,25.4
   03/18/2002   ,25.3
   03/17/2002   ,25
   03/16/2002   ,24.8
   03/15/2002   ,24.6
   03/14/2002   ,24.6
   03/13/2002   ,24.6
   03/12/2002   ,24.5
   03/11/2002   ,24.4
   03/10/2002   ,24.1
   03/09/2002   ,23.9
   03/08/2002   ,23.7
   03/07/2002   ,22.9
   03/06/2002   ,21.6
   03/05/2002   ,21.6
   03/04/2002   ,21.6
   03/03/2002   ,21.6
   03/02/2002   ,21.7
   03/01/2002   ,21.7
   02/28/2002   ,21.7
   02/27/2002   ,21.8
   02/26/2002   ,21.8
   02/25/2002   ,21.8
   02/24/2002   ,21.8
   02/23/2002   ,21.9
   02/22/2002   ,21.9
   02/21/2002   ,21.9
   02/20/2002   ,21.8
   02/19/2002   ,21.2
   02/18/2002   ,21.1
   02/17/2002   ,20.7
   02/16/2002   ,20.5
   02/15/2002   ,20.4
   02/14/2002   ,20.4
   02/13/2002   ,20.3
   02/12/2002   ,20.3
   02/11/2002   ,20.3
   02/10/2002   ,20.2
   02/09/2002   ,20.1
   02/08/2002   ,20
   02/07/2002   ,19.5
   02/06/2002   ,19.5
   02/05/2002   ,19.4
   02/04/2002   ,19.4
   02/03/2002   ,19.4
   02/02/2002   ,19.4
   02/01/2002   ,19.3
   01/31/2002   ,19.3
   01/30/2002   ,19.2
   01/29/2002   ,19.1
   01/28/2002   ,18.6
   01/27/2002   ,18.3
   01/26/2002   ,17.6
   01/25/2002   ,17.5
   01/24/2002   ,17.5
   01/23/2002   ,17.5
   01/22/2002   ,17.5
   01/21/2002   ,17.4
   01/20/2002   ,17.4
   01/19/2002   ,17.4
   01/18/2002   ,17.4
   01/17/2002   ,17.7
   01/16/2002   ,17.7
   01/15/2002   ,17.6
   01/14/2002   ,17.6
   01/13/2002   ,17.6
   01/12/2002   ,17.6
   01/11/2002   ,17.6
   01/10/2002   ,17.6
   01/09/2002   ,17.6
   01/08/2002   ,17.6
   01/07/2002   ,17.6
   01/06/2002   ,17.5
   01/05/2002   ,17.4
   01/04/2002   ,17.4
   01/03/2002   ,17.4
   01/02/2002   ,16.9
   01/01/2002   ,16.7
   12/31/2001   ,16.6
   12/30/2001   ,16.3
   12/29/2001   ,15.8
   12/28/2001   ,15.2
   12/27/2001   ,15.1
   12/26/2001   ,15.2
   12/25/2001   ,14.9
   12/24/2001   ,14.9
   12/23/2001   ,14.8
   12/22/2001   ,14.1
   12/21/2001   ,14
   12/20/2001   ,13.3
   12/19/2001   ,13.1
   12/18/2001   ,12.9
   12/17/2001   ,12.5
   12/16/2001   ,12.1
   12/15/2001   ,12
   12/14/2001   ,11.8
   12/13/2001   ,10.8
   12/12/2001   ,10.8
   12/11/2001   ,10.8
   12/10/2001   ,10.9
   12/09/2001   ,10.6
   12/08/2001   ,10.6
   12/07/2001   ,10.5
   12/06/2001   ,10.6
   12/05/2001   ,10
   12/04/2001   ,9.9
   12/03/2001   ,9.6
   12/02/2001   ,7
   12/01/2001   ,5.3
   11/30/2001   ,5
   11/29/2001   ,4.5
   11/28/2001   ,3.4
   11/27/2001   ,3.3
   11/26/2001   ,3.3
   11/25/2001   ,3.2
   11/24/2001   ,1.6
   11/23/2001   ,1.5
   11/22/2001   ,1.2
   11/21/2001   ,0.6
   11/20/2001   ,0.6
   11/19/2001   ,0.6
   11/18/2001   ,0.6
   11/17/2001   ,0.6
   11/16/2001   ,0.7
   11/15/2001   ,0.7
   11/14/2001   ,0.7
   11/13/2001   ,0.7
   11/12/2001   ,0.3
   11/11/2001   ,0.2
   11/10/2001   ,0.2
   11/09/2001   ,0.2
   11/08/2001   ,0.2
   11/07/2001   ,0.2
   11/06/2001   ,0.2
   11/05/2001   ,0.2
   11/04/2001   ,0.2
   11/03/2001   ,0.2
   11/02/2001   ,0.3
   11/01/2001   ,0.3
   04/01/2001   ,16
   03/10/2001   ,21.4
   03/02/2001   ,18.2
   01/31/2001   ,9.5
   04/01/2000   ,26.3
   01/31/2000   ,13
   04/01/1999   ,31.2
   01/31/1999   ,17.5
   08/01/1998   ,0
   07/31/1998   ,0
   07/30/1998   ,0
   07/29/1998   ,0
   07/28/1998   ,0
   07/27/1998   ,0
   07/26/1998   ,0
   07/25/1998   ,0
   07/24/1998   ,0
   07/23/1998   ,0
   07/22/1998   ,0
   07/21/1998   ,0.1
   07/20/1998   ,0.2
   07/19/1998   ,0.2
   07/18/1998   ,0.4
   07/17/1998   ,0.5
   07/16/1998   ,0.7
   07/15/1998   ,1
   07/14/1998   ,1.1
   07/13/1998   ,1.5
   07/12/1998   ,1.8
   07/11/1998   ,2.1
   07/10/1998   ,2.5
   07/09/1998   ,2.9
   07/08/1998   ,3.3
   07/07/1998   ,3.8
   07/06/1998   ,4.2
   07/05/1998   ,4.7
   07/04/1998   ,5.2
   07/03/1998   ,5.7
   07/02/1998   ,6.3
   07/01/1998   ,6.8
   06/30/1998   ,7.4
   06/29/1998   ,8.1
   06/28/1998   ,8.6
   06/27/1998   ,9.3
   06/26/1998   ,9.9
   06/25/1998   ,10.6
   06/24/1998   ,11.4
   06/23/1998   ,12
   06/22/1998   ,12.8
   06/21/1998   ,13.6
   06/20/1998   ,14.4
   06/19/1998   ,15.4
   06/18/1998   ,16.5
   06/17/1998   ,17.6
   06/16/1998   ,18.6
   06/15/1998   ,19.7
   06/14/1998   ,21
   06/13/1998   ,22.1
   06/12/1998   ,22.9
   06/11/1998   ,23.5
   06/10/1998   ,24
   06/09/1998   ,24.8
   06/08/1998   ,25.5
   06/07/1998   ,26.4
   06/06/1998   ,27.2
   06/05/1998   ,28
   06/04/1998   ,28.7
   06/03/1998   ,29.3
   06/02/1998   ,30
   06/01/1998   ,31.2
   05/31/1998   ,32
   05/30/1998   ,32.5
   05/29/1998   ,32.5
   05/28/1998   ,32.5
   05/27/1998   ,32.4
   05/26/1998   ,32.4
   05/25/1998   ,32.7
   05/24/1998   ,33.2
   05/23/1998   ,33.8
   05/22/1998   ,34.3
   05/21/1998   ,34.9
   05/20/1998   ,35.4
   05/19/1998   ,35.9
   05/18/1998   ,36.3
   05/17/1998   ,36.4
   05/16/1998   ,36.5
   05/15/1998   ,36.6
   05/14/1998   ,36.7
   05/13/1998   ,36.5
   05/12/1998   ,36.2
   05/11/1998   ,36.2
   05/10/1998   ,36.4
   05/09/1998   ,36.8
   05/08/1998   ,37.2
   05/07/1998   ,37.5
   05/06/1998   ,37.7
   05/05/1998   ,37.8
   05/04/1998   ,38
   05/03/1998   ,38.7
   05/02/1998   ,39.2
   05/01/1998   ,40
   04/30/1998   ,40.6
   04/29/1998   ,41.4
   04/28/1998   ,42.1
   04/27/1998   ,42.8
   04/26/1998   ,43.2
   04/25/1998   ,43.6
   04/24/1998   ,43.8
   04/23/1998   ,44
   04/22/1998   ,44.6
   04/21/1998   ,45
   04/20/1998   ,45.5
   04/19/1998   ,45.9
   04/18/1998   ,46.2
   04/17/1998   ,46.1
   04/16/1998   ,46.1
   04/15/1998   ,46
   04/14/1998   ,45.8
   04/13/1998   ,45.3
   04/12/1998   ,45.2
   04/11/1998   ,45
   04/10/1998   ,44.8
   04/09/1998   ,44.7
   04/08/1998   ,44.6
   04/07/1998   ,44.5
   04/06/1998   ,44.2
   04/05/1998   ,44
   04/04/1998   ,43.8
   04/03/1998   ,43.5
   04/02/1998   ,43.2
   04/01/1998   ,43
   03/31/1998   ,42.5
   03/30/1998   ,42.3
   03/29/1998   ,42.1
   03/28/1998   ,41.8
   03/27/1998   ,41.2
   03/26/1998   ,41
   03/25/1998   ,40.6
   03/24/1998   ,40.1
   03/23/1998   ,39.8
   03/22/1998   ,40
   03/21/1998   ,40.2
   03/20/1998   ,40.6
   03/19/1998   ,40.8
   03/18/1998   ,41
   03/17/1998   ,41.2
   03/16/1998   ,41.3
   03/15/1998   ,41.4
   03/14/1998   ,41.4
   03/13/1998   ,41.4
   03/12/1998   ,41.4
   03/11/1998   ,41.1
   03/10/1998   ,41.4
   03/09/1998   ,41.4
   03/08/1998   ,41.3
   03/07/1998   ,41.2
   03/06/1998   ,41
   03/05/1998   ,40.4
   03/04/1998   ,40.3
   03/03/1998   ,40.3
   03/02/1998   ,40.2
   03/01/1998   ,40.3
   02/28/1998   ,40.2
   02/27/1998   ,40.2
   02/26/1998   ,40.1
   02/25/1998   ,40
   02/24/1998   ,39.8
   02/23/1998   ,38.7
   02/22/1998   ,38.1
   02/21/1998   ,36.6
   02/20/1998   ,36
   02/19/1998   ,35
   02/18/1998   ,34.5
   02/17/1998   ,34.4
   02/16/1998   ,33.7
   02/15/1998   ,33.4
   02/14/1998   ,32
   02/13/1998   ,31.3
   02/12/1998   ,30.9
   02/11/1998   ,30.7
   02/10/1998   ,30
   02/09/1998   ,29.8
   02/08/1998   ,29.2
   02/07/1998   ,27.3
   02/06/1998   ,25.2
   02/05/1998   ,24.7
   02/04/1998   ,24.3
   02/03/1998   ,23.2
   02/02/1998   ,21.2
   02/01/1998   ,19.8
   01/31/1998   ,19.4
   01/30/1998   ,19.3
   01/29/1998   ,18.5
   01/28/1998   ,18.3
   01/27/1998   ,18.3
   01/26/1998   ,18.1
   01/25/1998   ,17.9
   01/24/1998   ,17.9
   01/23/1998   ,17.9
   01/22/1998   ,17.8
   01/21/1998   ,17.7
   01/20/1998   ,17.7
   01/19/1998   ,17.5
   01/18/1998   ,16.4
   01/17/1998   ,16.2
   01/16/1998   ,16.2
   01/15/1998   ,15.7
   01/14/1998   ,14.7
   01/13/1998   ,14.4
   01/12/1998   ,13.5
   01/11/1998   ,12.6
   01/10/1998   ,12.1
   01/09/1998   ,11.6
   01/08/1998   ,11.5
   01/07/1998   ,11.4
   01/06/1998   ,11.1
   01/05/1998   ,10.9
   01/04/1998   ,10.2
   01/03/1998   ,9.6
   01/02/1998   ,9
   01/01/1998   ,8.5
   12/31/1997   ,8.5
   12/30/1997   ,8.5
   12/29/1997   ,8.5
   12/28/1997   ,8.5
   12/27/1997   ,8.5
   12/26/1997   ,8.5
   12/25/1997   ,8.5
   12/24/1997   ,8.5
   12/23/1997   ,8.5
   12/22/1997   ,8.4
   12/21/1997   ,8.4
   12/20/1997   ,8.3
   12/19/1997   ,8.3
   12/18/1997   ,8.3
   12/17/1997   ,8.2
   12/16/1997   ,8.2
   12/15/1997   ,8.1
   12/14/1997   ,7.6
   12/13/1997   ,7.5
   12/12/1997   ,7.5
   12/11/1997   ,7.5
   12/10/1997   ,7.5
   12/09/1997   ,7.4
   12/08/1997   ,7.2
   12/06/1997   ,5.2
   12/05/1997   ,4.6
   12/04/1997   ,4.5
   12/03/1997   ,4.4
   12/02/1997   ,4.4
   04/01/1997   ,25
   12/30/1996   ,18.5
   12/29/1996   ,18
   12/28/1996   ,17.9
   12/27/1996   ,17.3